1424465561,48.61065,-123.15279,2015-02-20T20:52:41+0000
1445123347,48.5341,-122.55615,2015-10-17T23:09:07+0000
1445559887,48.51157,-122.5872,2015-10-23T00:24:47+0000
1445560482,48.5218,-122.57437,2015-10-23T00:34:42+0000
1445561077,48.53422,-122.57149,2015-10-23T00:44:37+0000
1445561736,48.54804,-122.57635,2015-10-23T00:55:36+0000
1445562267,48.5571,-122.58836,2015-10-23T01:04:27+0000
1445562893,48.5677,-122.604,2015-10-23T01:14:53+0000
1445563452,48.57778,-122.61879,2015-10-23T01:24:12+0000
1445564046,48.58865,-122.63547,2015-10-23T01:34:06+0000
1445564639,48.59439,-122.65976,2015-10-23T01:43:59+0000
1445565236,48.59877,-122.6792,2015-10-23T01:53:56+0000
1445565835,48.60131,-122.69583,2015-10-23T02:03:55+0000
1445566475,48.60192,-122.70212,2015-10-23T02:14:35+0000
1445637774,48.60164,-122.70186,2015-10-23T22:02:54+0000
1445638227,48.60162,-122.70187,2015-10-23T22:10:27+0000
1445638819,48.60164,-122.70184,2015-10-23T22:20:19+0000
1445639411,48.60135,-122.69769,2015-10-23T22:30:11+0000
1445640011,48.59822,-122.68318,2015-10-23T22:40:11+0000
1445640605,48.59427,-122.66924,2015-10-23T22:50:05+0000
1445641199,48.58948,-122.65591,2015-10-23T22:59:59+0000
1445641835,48.57585,-122.65746,2015-10-23T23:10:35+0000
1445642387,48.56308,-122.65557,2015-10-23T23:19:47+0000
1445642987,48.54883,-122.66029,2015-10-23T23:29:47+0000
1445643583,48.53646,-122.66953,2015-10-23T23:39:43+0000
1445644204,48.5273,-122.6819,2015-10-23T23:50:04+0000
1445644783,48.5245,-122.68237,2015-10-23T23:59:43+0000
1445645407,48.51756,-122.6781,2015-10-24T00:10:07+0000
1445645970,48.5148,-122.67621,2015-10-24T00:19:30+0000
1445646567,48.51244,-122.67186,2015-10-24T00:29:27+0000
1445647166,48.50615,-122.6734,2015-10-24T00:39:26+0000
1445647762,48.50597,-122.67357,2015-10-24T00:49:22+0000
1445648355,48.50599,-122.67361,2015-10-24T00:59:15+0000
1445705646,48.50603,-122.67392,2015-10-24T16:54:06+0000
1445706213,48.50593,-122.67383,2015-10-24T17:03:33+0000
1445706804,48.50696,-122.67216,2015-10-24T17:13:24+0000
1445707404,48.51202,-122.66289,2015-10-24T17:23:24+0000
1445707999,48.51659,-122.66476,2015-10-24T17:33:19+0000
1445708594,48.51985,-122.66907,2015-10-24T17:43:14+0000
1445709188,48.52547,-122.67293,2015-10-24T17:53:08+0000
1445709788,48.52624,-122.68881,2015-10-24T18:03:08+0000
1445710383,48.52706,-122.70825,2015-10-24T18:13:03+0000
1445710978,48.53029,-122.72748,2015-10-24T18:22:58+0000
1445711576,48.54193,-122.73552,2015-10-24T18:32:56+0000
1445712172,48.55912,-122.74043,2015-10-24T18:42:52+0000
1445712814,48.58045,-122.74521,2015-10-24T18:53:34+0000
1445713369,48.59431,-122.75047,2015-10-24T19:02:49+0000
1445713963,48.60149,-122.75183,2015-10-24T19:12:43+0000
1445714561,48.60884,-122.75357,2015-10-24T19:22:41+0000
1445715159,48.61674,-122.75494,2015-10-24T19:32:39+0000
1445715752,48.62473,-122.75826,2015-10-24T19:42:32+0000
1445716384,48.63007,-122.76678,2015-10-24T19:53:04+0000
1445716945,48.63449,-122.78166,2015-10-24T20:02:25+0000
1445799938,48.63392,-122.78699,2015-10-25T19:05:38+0000
1445800508,48.63396,-122.78564,2015-10-25T19:15:08+0000
1445801109,48.63344,-122.77477,2015-10-25T19:25:09+0000
1445801702,48.62988,-122.76349,2015-10-25T19:35:02+0000
1445802304,48.62727,-122.75093,2015-10-25T19:45:04+0000
1445802899,48.62452,-122.73647,2015-10-25T19:54:59+0000
1445803530,48.62174,-122.71849,2015-10-25T20:05:30+0000
1445804086,48.61759,-122.70772,2015-10-25T20:14:46+0000
1445804684,48.6157,-122.70207,2015-10-25T20:24:44+0000
1445805273,48.60951,-122.70226,2015-10-25T20:34:33+0000
1445805873,48.60732,-122.70029,2015-10-25T20:44:33+0000
1445806468,48.60817,-122.69371,2015-10-25T20:54:28+0000
1445807095,48.60595,-122.68158,2015-10-25T21:04:55+0000
1445807641,48.60307,-122.66905,2015-10-25T21:14:01+0000
1445808261,48.60255,-122.64793,2015-10-25T21:24:21+0000
1445808852,48.59777,-122.62746,2015-10-25T21:34:12+0000
1445809428,48.59364,-122.60832,2015-10-25T21:43:48+0000
1445810022,48.5903,-122.58942,2015-10-25T21:53:42+0000
1445810699,48.58782,-122.56978,2015-10-25T22:04:59+0000
1445811233,48.57528,-122.56696,2015-10-25T22:13:53+0000
1445811821,48.5611,-122.56502,2015-10-25T22:23:41+0000
1445812387,48.54705,-122.56389,2015-10-25T22:33:07+0000
1445812987,48.5325,-122.56389,2015-10-25T22:43:07+0000
1445813602,48.52248,-122.56717,2015-10-25T22:53:22+0000
1445814241,48.51919,-122.57564,2015-10-25T23:04:01+0000
1445814800,48.51585,-122.58649,2015-10-25T23:13:20+0000
1445815388,48.5052,-122.59772,2015-10-25T23:23:08+0000
1446740572,48.38835,-124.4416,2015-11-05T16:22:52+0000
1446742250,48.37943,-124.51247,2015-11-05T16:50:50+0000
1446742850,48.3751,-124.53419,2015-11-05T17:00:50+0000
1446743450,48.37506,-124.55539,2015-11-05T17:10:50+0000
1446744269,48.37683,-124.58907,2015-11-05T17:24:29+0000
1446744636,48.37289,-124.60541,2015-11-05T17:30:36+0000
1446745236,48.36772,-124.61707,2015-11-05T17:40:36+0000
1446745829,48.36777,-124.61693,2015-11-05T17:50:29+0000
1446746429,48.36779,-124.61702,2015-11-05T18:00:29+0000
1446747025,48.36913,-124.61465,2015-11-05T18:10:25+0000
1446747663,48.37982,-124.58801,2015-11-05T18:21:03+0000
1446748315,48.39173,-124.60727,2015-11-05T18:31:55+0000
1446749406,48.39708,-124.65118,2015-11-05T18:50:06+0000
1446750000,48.3984,-124.67955,2015-11-05T19:00:00+0000
1446750595,48.39704,-124.711,2015-11-05T19:09:55+0000
1446751190,48.3892,-124.73239,2015-11-05T19:19:50+0000
1446751778,48.37387,-124.74804,2015-11-05T19:29:38+0000
1446752378,48.36748,-124.75825,2015-11-05T19:39:38+0000
1446752978,48.35748,-124.76366,2015-11-05T19:49:38+0000
1424485675,48.64771,-123.17905,2015-02-21T02:27:55+0000
1428353014,48.56422,-123.01031,2015-04-06T20:43:34+0000
1446754896,48.29905,-124.79285,2015-11-05T20:21:36+0000
1446755459,48.28209,-124.79935,2015-11-05T20:30:59+0000
1446755948,48.267,-124.80558,2015-11-05T20:39:08+0000
1446756548,48.24863,-124.81339,2015-11-05T20:49:08+0000
1446757143,48.23011,-124.82185,2015-11-05T20:59:03+0000
1446757744,48.21136,-124.82835,2015-11-05T21:09:04+0000
1446758430,48.18822,-124.82715,2015-11-05T21:20:30+0000
1446759167,48.16356,-124.82545,2015-11-05T21:32:47+0000
1446759654,48.14734,-124.82495,2015-11-05T21:40:54+0000
1446760134,48.13165,-124.82434,2015-11-05T21:48:54+0000
1446760730,48.11276,-124.82439,2015-11-05T21:58:50+0000
1446761326,48.09378,-124.82509,2015-11-05T22:08:46+0000
1446761921,48.07572,-124.82629,2015-11-05T22:18:41+0000
1446762576,48.05672,-124.82733,2015-11-05T22:29:36+0000
1446763255,48.04067,-124.81931,2015-11-05T22:40:55+0000
1446763696,48.02925,-124.81286,2015-11-05T22:48:16+0000
1446764296,48.01419,-124.79793,2015-11-05T22:58:16+0000
1446764896,47.99947,-124.78308,2015-11-05T23:08:16+0000
1446765483,47.98366,-124.77026,2015-11-05T23:18:03+0000
1446766083,47.96808,-124.75696,2015-11-05T23:28:03+0000
1446766683,47.95229,-124.74348,2015-11-05T23:38:03+0000
1446767485,47.93105,-124.72452,2015-11-05T23:51:25+0000
1446767875,47.92064,-124.71519,2015-11-05T23:57:55+0000
1446768467,47.90421,-124.70143,2015-11-06T00:07:47+0000
1446769164,47.88758,-124.68691,2015-11-06T00:19:24+0000
1446769764,47.87076,-124.67249,2015-11-06T00:29:24+0000
1446770364,47.85076,-124.65558,2015-11-06T00:39:24+0000
1449894502,48.5149,-122.60768,2015-12-12T04:28:22+0000
1449895048,48.51486,-122.6077,2015-12-12T04:37:28+0000
1449895647,48.51165,-122.60049,2015-12-12T04:47:27+0000
1449896241,48.51713,-122.5862,2015-12-12T04:57:21+0000
1449896837,48.52359,-122.57172,2015-12-12T05:07:17+0000
1449897437,48.53631,-122.56088,2015-12-12T05:17:17+0000
1449898055,48.53715,-122.55576,2015-12-12T05:27:35+0000
1449898626,48.53738,-122.55531,2015-12-12T05:37:06+0000
1449899226,48.53725,-122.55522,2015-12-12T05:47:06+0000
1428191643,48.75191,-122.90294,2015-04-04T23:54:03+0000
1428191075,48.74813,-122.89487,2015-04-04T23:44:35+0000
1428190447,48.74074,-122.89217,2015-04-04T23:34:07+0000
1428189850,48.73402,-122.91508,2015-04-04T23:24:10+0000
1428189294,48.7339,-122.93269,2015-04-04T23:14:54+0000
1428188655,48.73069,-122.94473,2015-04-04T23:04:15+0000
1428188055,48.72503,-122.957,2015-04-04T22:54:15+0000
1428187466,48.71797,-122.97104,2015-04-04T22:44:26+0000
1428186871,48.71072,-122.98254,2015-04-04T22:34:31+0000
1428186276,48.70568,-122.98877,2015-04-04T22:24:36+0000
1428185707,48.69599,-122.99529,2015-04-04T22:15:07+0000
1428185107,48.68809,-123.00095,2015-04-04T22:05:07+0000
1428184487,48.68267,-123.00589,2015-04-04T21:54:47+0000
1428518186,48.54403,-123.01639,2015-04-08T18:36:26+0000
1428517589,48.54406,-123.01639,2015-04-08T18:26:29+0000
1428517025,48.54408,-123.01634,2015-04-08T18:17:05+0000
1428513772,48.54407,-123.0164,2015-04-08T17:22:52+0000
1428513159,48.54406,-123.01608,2015-04-08T17:12:39+0000
1428512560,48.54397,-123.01599,2015-04-08T17:02:40+0000
1428512007,48.54393,-123.01614,2015-04-08T16:53:27+0000
1428607566,48.5412,-123.01346,2015-04-09T19:26:06+0000
1428608324,48.5523,-122.99838,2015-04-09T19:38:44+0000
1428608733,48.55927,-123.00339,2015-04-09T19:45:33+0000
1428609290,48.56995,-123.01154,2015-04-09T19:54:50+0000
1428609886,48.58135,-123.02295,2015-04-09T20:04:46+0000
1428610643,48.59405,-123.04158,2015-04-09T20:17:23+0000
1428611135,48.60666,-123.03969,2015-04-09T20:25:35+0000
1428611670,48.60795,-123.03917,2015-04-09T20:34:30+0000
1428612271,48.60626,-123.04054,2015-04-09T20:44:31+0000
1428613391,48.61934,-123.03677,2015-04-09T21:03:11+0000
1428613985,48.6187,-123.0466,2015-04-09T21:13:05+0000
1428614526,48.61817,-123.04692,2015-04-09T21:22:06+0000
1428687337,48.62816,-123.05299,2015-04-10T17:35:37+0000
1428688084,48.63172,-123.07503,2015-04-10T17:48:04+0000
1428688486,48.63182,-123.08983,2015-04-10T17:54:46+0000
1428689082,48.63127,-123.11432,2015-04-10T18:04:42+0000
1428689677,48.63472,-123.12955,2015-04-10T18:14:37+0000
1428690270,48.63892,-123.14244,2015-04-10T18:24:30+0000
1428690905,48.64413,-123.15442,2015-04-10T18:35:05+0000
1428691452,48.64674,-123.16547,2015-04-10T18:44:12+0000
1428692052,48.64807,-123.17534,2015-04-10T18:54:12+0000
1428692642,48.65147,-123.1832,2015-04-10T19:04:02+0000
1428693239,48.65327,-123.19196,2015-04-10T19:13:59+0000
1428693835,48.6581,-123.20276,2015-04-10T19:23:55+0000
1428694464,48.67045,-123.22513,2015-04-10T19:34:24+0000
1428695027,48.68692,-123.24109,2015-04-10T19:43:47+0000
1428695614,48.69174,-123.23342,2015-04-10T19:53:34+0000
1428696214,48.69157,-123.22037,2015-04-10T20:03:34+0000
1428696808,48.69,-123.20502,2015-04-10T20:13:28+0000
1428697402,48.68025,-123.20085,2015-04-10T20:23:22+0000
1428698044,48.67789,-123.19646,2015-04-10T20:34:04+0000
1428698254,48.6779,-123.19655,2015-04-10T20:37:34+0000
1428776214,48.59327,-123.04375,2015-04-11T18:16:54+0000
1428776755,48.58433,-123.03104,2015-04-11T18:25:55+0000
1428777356,48.57396,-123.01607,2015-04-11T18:35:56+0000
1428777954,48.56256,-123.00362,2015-04-11T18:45:54+0000
1428778552,48.55182,-122.99838,2015-04-11T18:55:52+0000
1428779147,48.54276,-123.00775,2015-04-11T19:05:47+0000
1428779796,48.53939,-123.01712,2015-04-11T19:16:36+0000
1429047978,48.51335,-122.91756,2015-04-14T21:46:18+0000
1429126986,48.51796,-122.91704,2015-04-15T19:43:06+0000
1429127552,48.5255,-122.9187,2015-04-15T19:52:32+0000
1429128152,48.52702,-122.93378,2015-04-15T20:02:32+0000
1429128751,48.52965,-122.94435,2015-04-15T20:12:31+0000
1429129353,48.53558,-122.95412,2015-04-15T20:22:33+0000
1429129951,48.5407,-122.96669,2015-04-15T20:32:31+0000
1429130602,48.54485,-122.98351,2015-04-15T20:43:22+0000
1429131143,48.54581,-122.99664,2015-04-15T20:52:23+0000
1429131737,48.54501,-123.00648,2015-04-15T21:02:17+0000
1429132331,48.54007,-123.0166,2015-04-15T21:12:11+0000
1429133154,48.53946,-123.01714,2015-04-15T21:25:54+0000
1429133555,48.53947,-123.01692,2015-04-15T21:32:35+0000
1429206684,48.53941,-123.01712,2015-04-16T17:51:24+0000
1429207236,48.53941,-123.01707,2015-04-16T18:00:36+0000
1429207830,48.54018,-123.01633,2015-04-16T18:10:30+0000
1429208424,48.53656,-123.01529,2015-04-16T18:20:24+0000
1429209018,48.53656,-123.01524,2015-04-16T18:30:18+0000
1429209616,48.5442,-123.0079,2015-04-16T18:40:16+0000
1429210326,48.56121,-123.00978,2015-04-16T18:52:06+0000
1429210813,48.56961,-123.02437,2015-04-16T19:00:13+0000
1429211410,48.58044,-123.04079,2015-04-16T19:10:10+0000
1429212006,48.59104,-123.05522,2015-04-16T19:20:06+0000
1429212602,48.60105,-123.06758,2015-04-16T19:30:02+0000
1429213198,48.61013,-123.08151,2015-04-16T19:39:58+0000
1429213792,48.62062,-123.09344,2015-04-16T19:49:52+0000
1429214436,48.62557,-123.10387,2015-04-16T20:00:36+0000
1429214980,48.62629,-123.11122,2015-04-16T20:09:40+0000
1429215575,48.62798,-123.11835,2015-04-16T20:19:35+0000
1429216171,48.62959,-123.12675,2015-04-16T20:29:31+0000
1429216766,48.62933,-123.13771,2015-04-16T20:39:26+0000
1429217365,48.62536,-123.15172,2015-04-16T20:49:25+0000
1429217995,48.61414,-123.15891,2015-04-16T20:59:55+0000
1429218550,48.61017,-123.16161,2015-04-16T21:09:10+0000
1429219093,48.60936,-123.16373,2015-04-16T21:18:13+0000
1429313879,48.62899,-123.18073,2015-04-17T23:37:59+0000
1429314427,48.62977,-123.20105,2015-04-17T23:47:07+0000
1429315026,48.63216,-123.22418,2015-04-17T23:57:06+0000
1429315618,48.63543,-123.24579,2015-04-18T00:06:58+0000
1429316217,48.63823,-123.26761,2015-04-18T00:16:57+0000
1429316810,48.63996,-123.28583,2015-04-18T00:26:50+0000
1429317444,48.64278,-123.30486,2015-04-18T00:37:24+0000
1429318002,48.6469,-123.31891,2015-04-18T00:46:42+0000
1429318600,48.65377,-123.33395,2015-04-18T00:56:40+0000
1429319193,48.66019,-123.34973,2015-04-18T01:06:33+0000
1429319788,48.66335,-123.37102,2015-04-18T01:16:28+0000
1429320387,48.66732,-123.39079,2015-04-18T01:26:27+0000
1429321019,48.67112,-123.40747,2015-04-18T01:36:59+0000
1429321580,48.67039,-123.41063,2015-04-18T01:46:20+0000
1429321705,48.67046,-123.41064,2015-04-18T01:48:25+0000
1429392246,48.6516,-123.38211,2015-04-18T21:24:06+0000
1429392806,48.65215,-123.37267,2015-04-18T21:33:26+0000
1429393405,48.65069,-123.36475,2015-04-18T21:43:25+0000
1429394073,48.64833,-123.3553,2015-04-18T21:54:33+0000
1429394598,48.6479,-123.34772,2015-04-18T22:03:18+0000
1429395214,48.64592,-123.3407,2015-04-18T22:13:34+0000
1429475497,48.64395,-123.33887,2015-04-19T20:31:37+0000
1429492198,48.64396,-123.33865,2015-04-20T01:09:58+0000
1429492730,48.64392,-123.33865,2015-04-20T01:18:50+0000
1429493328,48.64466,-123.33975,2015-04-20T01:28:48+0000
1429493926,48.64658,-123.34396,2015-04-20T01:38:46+0000
1429494524,48.64846,-123.34973,2015-04-20T01:48:44+0000
1429495145,48.65871,-123.35185,2015-04-20T01:59:05+0000
1429495884,48.66323,-123.35126,2015-04-20T02:11:24+0000
1429496484,48.67559,-123.35143,2015-04-20T02:21:24+0000
1429496904,48.68319,-123.35522,2015-04-20T02:28:24+0000
1429497500,48.69187,-123.36206,2015-04-20T02:38:20+0000
1429498097,48.70046,-123.36975,2015-04-20T02:48:17+0000
1429498693,48.71025,-123.37088,2015-04-20T02:58:13+0000
1429499314,48.7177,-123.37006,2015-04-20T03:08:34+0000
1429555134,48.71756,-123.37018,2015-04-20T18:38:54+0000
1429555652,48.71632,-123.36986,2015-04-20T18:47:32+0000
1429556248,48.71024,-123.37878,2015-04-20T18:57:28+0000
1429556845,48.71205,-123.38702,2015-04-20T19:07:25+0000
1429557440,48.714,-123.3902,2015-04-20T19:17:20+0000
1429558056,48.72049,-123.40024,2015-04-20T19:27:36+0000
1429558656,48.73061,-123.40753,2015-04-20T19:37:36+0000
1429559223,48.73638,-123.41316,2015-04-20T19:47:03+0000
1429559822,48.74041,-123.41872,2015-04-20T19:57:02+0000
1429560424,48.74588,-123.42496,2015-04-20T20:07:04+0000
1429561021,48.7498,-123.42993,2015-04-20T20:17:01+0000
1429561619,48.75877,-123.43788,2015-04-20T20:26:59+0000
1429562251,48.76709,-123.44989,2015-04-20T20:37:31+0000
1429562811,48.76889,-123.45047,2015-04-20T20:46:51+0000
1429572185,48.76395,-123.45232,2015-04-20T23:23:05+0000
1429738778,48.66417,-123.51962,2015-04-22T21:39:38+0000
1429739373,48.65696,-123.52982,2015-04-22T21:49:33+0000
1429739969,48.64879,-123.5403,2015-04-22T21:59:29+0000
1429740636,48.64845,-123.54881,2015-04-22T22:10:36+0000
1429741165,48.64915,-123.54903,2015-04-22T22:19:25+0000
1429741829,48.64876,-123.54962,2015-04-22T22:30:29+0000
1429742429,48.64876,-123.54962,2015-04-22T22:40:29+0000
1429742949,48.64879,-123.54962,2015-04-22T22:49:09+0000
1429743547,48.65047,-123.54892,2015-04-22T22:59:07+0000
1429744195,48.65361,-123.55025,2015-04-22T23:09:55+0000
1429744739,48.65342,-123.55067,2015-04-22T23:18:59+0000
1429745334,48.65342,-123.55072,2015-04-22T23:28:54+0000
1429745931,48.65337,-123.55067,2015-04-22T23:38:51+0000
1429746303,48.65335,-123.55064,2015-04-22T23:45:03+0000
1429895580,48.64988,-123.55083,2015-04-24T17:13:00+0000
1429896122,48.64986,-123.55086,2015-04-24T17:22:02+0000
1429896718,48.65066,-123.54913,2015-04-24T17:31:58+0000
1429897314,48.64978,-123.54135,2015-04-24T17:41:54+0000
1429897904,48.6516,-123.52961,2015-04-24T17:51:44+0000
1429898504,48.65044,-123.51056,2015-04-24T18:01:44+0000
1429899125,48.64789,-123.5,2015-04-24T18:12:05+0000
1429899691,48.64211,-123.50649,2015-04-24T18:21:31+0000
1429900291,48.63451,-123.51413,2015-04-24T18:31:31+0000
1429900889,48.62701,-123.51935,2015-04-24T18:41:29+0000
1429901485,48.62885,-123.507,2015-04-24T18:51:25+0000
1429902085,48.62928,-123.4931,2015-04-24T19:01:25+0000
1429902714,48.6262,-123.49225,2015-04-24T19:11:54+0000
1429903277,48.62088,-123.49826,2015-04-24T19:21:17+0000
1429903873,48.6163,-123.5034,2015-04-24T19:31:13+0000
1429904466,48.60865,-123.50449,2015-04-24T19:41:06+0000
1429905066,48.60075,-123.49805,2015-04-24T19:51:06+0000
1429905697,48.58837,-123.49013,2015-04-24T20:01:37+0000
1429906297,48.57661,-123.47708,2015-04-24T20:11:37+0000
1429906854,48.56747,-123.47528,2015-04-24T20:20:54+0000
1429907449,48.55965,-123.4686,2015-04-24T20:30:49+0000
1429907847,48.55958,-123.46869,2015-04-24T20:37:27+0000
1430155866,48.56011,-123.47047,2015-04-27T17:31:06+0000
1430156422,48.56017,-123.47055,2015-04-27T17:40:22+0000
1430157064,48.5603,-123.47163,2015-04-27T17:51:04+0000
1430157623,48.56962,-123.47382,2015-04-27T18:00:23+0000
1430158433,48.58495,-123.48453,2015-04-27T18:13:53+0000
1430158913,48.59403,-123.4939,2015-04-27T18:21:53+0000
1430159435,48.60517,-123.50053,2015-04-27T18:30:35+0000
1430159991,48.61756,-123.50661,2015-04-27T18:39:51+0000
1430160591,48.63065,-123.51416,2015-04-27T18:49:51+0000
1430161237,48.64198,-123.52917,2015-04-27T19:00:37+0000
1430161787,48.64627,-123.54645,2015-04-27T19:09:47+0000
1430162384,48.64625,-123.54739,2015-04-27T19:19:44+0000
1430163005,48.64635,-123.54755,2015-04-27T19:30:05+0000
1430163696,48.64661,-123.54724,2015-04-27T19:41:36+0000
1430239321,48.65051,-123.53181,2015-04-28T16:42:01+0000
1430239874,48.6595,-123.51862,2015-04-28T16:51:14+0000
1430240474,48.66924,-123.50969,2015-04-28T17:01:14+0000
1430241067,48.67788,-123.50139,2015-04-28T17:11:07+0000
1430241663,48.68386,-123.49837,2015-04-28T17:21:03+0000
1430242258,48.69401,-123.48978,2015-04-28T17:30:58+0000
1430242954,48.70489,-123.4686,2015-04-28T17:42:34+0000
1430243448,48.71124,-123.45195,2015-04-28T17:50:48+0000
1430244046,48.71959,-123.43515,2015-04-28T18:00:46+0000
1430244666,48.72191,-123.4227,2015-04-28T18:11:06+0000
1430245249,48.71969,-123.40678,2015-04-28T18:20:49+0000
1430245840,48.72455,-123.39639,2015-04-28T18:30:40+0000
1430246466,48.73298,-123.38655,2015-04-28T18:41:06+0000
1430247033,48.7406,-123.37714,2015-04-28T18:50:33+0000
1430247666,48.74721,-123.36996,2015-04-28T19:01:06+0000
1430248260,48.75178,-123.36288,2015-04-28T19:11:00+0000
1430248818,48.75496,-123.35709,2015-04-28T19:20:18+0000
1430249412,48.76433,-123.34912,2015-04-28T19:30:12+0000
1430250060,48.77938,-123.35074,2015-04-28T19:41:00+0000
1430250604,48.79148,-123.35751,2015-04-28T19:50:04+0000
1430251203,48.80176,-123.36964,2015-04-28T20:00:03+0000
1430251799,48.81071,-123.38458,2015-04-28T20:09:59+0000
1430252399,48.82204,-123.39565,2015-04-28T20:19:59+0000
1430252993,48.8246,-123.39288,2015-04-28T20:29:53+0000
1430253623,48.82422,-123.3914,2015-04-28T20:40:23+0000
1430254182,48.82442,-123.39151,2015-04-28T20:49:42+0000
1430255284,48.82454,-123.39148,2015-04-28T21:08:04+0000
1430499360,48.82446,-123.39146,2015-05-01T16:56:00+0000
1430499919,48.82428,-123.39116,2015-05-01T17:05:19+0000
1430500511,48.82642,-123.39763,2015-05-01T17:15:11+0000
1430501112,48.82875,-123.40427,2015-05-01T17:25:12+0000
1430501706,48.82652,-123.41342,2015-05-01T17:35:06+0000
1430502304,48.82595,-123.42159,2015-05-01T17:45:04+0000
1430502936,48.82703,-123.42621,2015-05-01T17:55:36+0000
1430503493,48.82802,-123.43028,2015-05-01T18:04:53+0000
1430504088,48.82934,-123.43637,2015-05-01T18:14:48+0000
1430504679,48.83083,-123.44456,2015-05-01T18:24:39+0000
1430505279,48.8319,-123.45374,2015-05-01T18:34:39+0000
1430505874,48.83307,-123.46332,2015-05-01T18:44:34+0000
1430506506,48.83946,-123.46632,2015-05-01T18:55:06+0000
1430507066,48.84489,-123.47128,2015-05-01T19:04:26+0000
1430507665,48.85057,-123.48502,2015-05-01T19:14:25+0000
1430508258,48.85469,-123.49886,2015-05-01T19:24:18+0000
1430516489,48.85438,-123.49867,2015-05-01T21:41:29+0000
1430517047,48.85583,-123.49596,2015-05-01T21:50:47+0000
1430517644,48.85471,-123.49461,2015-05-01T22:00:44+0000
1430518241,48.85482,-123.49467,2015-05-01T22:10:41+0000
1430518334,48.8548,-123.49469,2015-05-01T22:12:14+0000
1430665678,48.82103,-123.42747,2015-05-03T15:07:58+0000
1430666235,48.81546,-123.42464,2015-05-03T15:17:15+0000
1430666833,48.8102,-123.42126,2015-05-03T15:27:13+0000
1430667425,48.80692,-123.41507,2015-05-03T15:37:05+0000
1430668019,48.80322,-123.40457,2015-05-03T15:46:59+0000
1430668614,48.80028,-123.38899,2015-05-03T15:56:54+0000
1430669266,48.79015,-123.38217,2015-05-03T16:07:46+0000
1430669811,48.78467,-123.36856,2015-05-03T16:16:51+0000
1430670409,48.7792,-123.35701,2015-05-03T16:26:49+0000
1430671004,48.76592,-123.35564,2015-05-03T16:36:44+0000
1430671599,48.75273,-123.35507,2015-05-03T16:46:39+0000
1430672193,48.74532,-123.339,2015-05-03T16:56:33+0000
1430672817,48.73804,-123.32166,2015-05-03T17:06:57+0000
1430673386,48.7347,-123.30533,2015-05-03T17:16:26+0000
1430673984,48.73365,-123.29787,2015-05-03T17:26:24+0000
1430674583,48.73302,-123.29292,2015-05-03T17:36:23+0000
1430675181,48.72702,-123.29539,2015-05-03T17:46:21+0000
1430675776,48.7287,-123.28642,2015-05-03T17:56:16+0000
1430676436,48.73121,-123.27606,2015-05-03T18:07:16+0000
1430676965,48.72854,-123.27415,2015-05-03T18:16:05+0000
1430677563,48.72458,-123.27348,2015-05-03T18:26:03+0000
1430678161,48.72556,-123.26881,2015-05-03T18:36:01+0000
1430678759,48.72013,-123.27257,2015-05-03T18:45:59+0000
1430679358,48.7163,-123.27467,2015-05-03T18:55:58+0000
1430679990,48.71283,-123.27515,2015-05-03T19:06:30+0000
1430680547,48.70925,-123.27484,2015-05-03T19:15:47+0000
1430681147,48.70178,-123.26918,2015-05-03T19:25:47+0000
1430681744,48.69094,-123.26025,2015-05-03T19:35:44+0000
1430682341,48.67976,-123.24934,2015-05-03T19:45:41+0000
1430682928,48.67459,-123.23735,2015-05-03T19:55:28+0000
1430683528,48.66897,-123.22319,2015-05-03T20:05:28+0000
1430684128,48.66275,-123.21263,2015-05-03T20:15:28+0000
1430684722,48.65136,-123.20778,2015-05-03T20:25:22+0000
1430685316,48.64007,-123.19753,2015-05-03T20:35:16+0000
1430685908,48.63168,-123.18115,2015-05-03T20:45:08+0000
1430686508,48.61868,-123.17197,2015-05-03T20:55:08+0000
1430687129,48.61161,-123.15723,2015-05-03T21:05:29+0000
1430687702,48.61124,-123.15633,2015-05-03T21:15:02+0000
1430688300,48.60966,-123.1532,2015-05-03T21:25:00+0000
1430688900,48.60955,-123.15393,2015-05-03T21:35:00+0000
1430689527,48.60929,-123.15378,2015-05-03T21:45:27+0000
1430698558,48.61329,-123.15765,2015-05-04T00:15:58+0000
1430699141,48.62469,-123.15747,2015-05-04T00:25:41+0000
1430699731,48.63718,-123.16753,2015-05-04T00:35:31+0000
1430700407,48.65223,-123.1736,2015-05-04T00:46:47+0000
1430700927,48.66435,-123.17802,2015-05-04T00:55:27+0000
1430701504,48.66935,-123.18427,2015-05-04T01:05:04+0000
1430702129,48.67162,-123.1936,2015-05-04T01:15:29+0000
1430702694,48.67544,-123.2002,2015-05-04T01:24:54+0000
1430702866,48.67542,-123.2003,2015-05-04T01:27:46+0000
1430763181,48.67539,-123.20023,2015-05-04T18:13:01+0000
1430763983,48.67107,-123.18892,2015-05-04T18:26:23+0000
1430764582,48.66233,-123.17664,2015-05-04T18:36:22+0000
1430764951,48.65222,-123.17792,2015-05-04T18:42:31+0000
1430765551,48.64316,-123.17397,2015-05-04T18:52:31+0000
1430766139,48.63738,-123.15906,2015-05-04T19:02:19+0000
1430766739,48.63378,-123.15073,2015-05-04T19:12:19+0000
1430767339,48.62876,-123.14326,2015-05-04T19:22:19+0000
1430767936,48.62646,-123.12741,2015-05-04T19:32:16+0000
1430768524,48.6267,-123.10778,2015-05-04T19:42:04+0000
1430769124,48.62717,-123.09842,2015-05-04T19:52:04+0000
1430769720,48.62496,-123.0873,2015-05-04T20:02:00+0000
1430770348,48.62442,-123.07286,2015-05-04T20:12:28+0000
1430770912,48.62356,-123.05966,2015-05-04T20:21:52+0000
1430771507,48.62154,-123.04492,2015-05-04T20:31:47+0000
1430772102,48.61931,-123.04677,2015-05-04T20:41:42+0000
1430841268,48.61829,-123.04703,2015-05-05T15:54:28+0000
1430841795,48.61839,-123.04689,2015-05-05T16:03:15+0000
1430842390,48.6209,-123.04677,2015-05-05T16:13:10+0000
1430842989,48.61934,-123.06194,2015-05-05T16:23:09+0000
1430843581,48.61099,-123.0631,2015-05-05T16:33:01+0000
1430844179,48.59863,-123.04906,2015-05-05T16:42:59+0000
1430844832,48.58559,-123.03265,2015-05-05T16:53:52+0000
1430845372,48.57505,-123.02055,2015-05-05T17:02:52+0000
1430845971,48.56491,-123.00409,2015-05-05T17:12:51+0000
1430846567,48.5571,-122.99718,2015-05-05T17:22:47+0000
1430847163,48.54837,-123.00414,2015-05-05T17:32:43+0000
1430847802,48.53981,-123.01433,2015-05-05T17:43:22+0000
1430863306,48.54271,-123.01619,2015-05-05T22:01:46+0000
1431134130,48.53886,-122.96098,2015-05-09T01:15:30+0000
1431134662,48.53733,-122.94971,2015-05-09T01:24:22+0000
1431135253,48.53308,-122.93323,2015-05-09T01:34:13+0000
1431135848,48.52446,-122.91795,2015-05-09T01:44:08+0000
1431136443,48.51483,-122.91553,2015-05-09T01:54:03+0000
1431137036,48.51319,-122.91811,2015-05-09T02:03:56+0000
1431137671,48.51317,-122.91805,2015-05-09T02:14:31+0000
1431138222,48.51313,-122.918,2015-05-09T02:23:42+0000
1431151896,48.51317,-122.91785,2015-05-09T06:11:36+0000
1431284257,48.51332,-122.91762,2015-05-10T18:57:37+0000
1431284830,48.51357,-122.91608,2015-05-10T19:07:10+0000
1431285428,48.5136,-122.91611,2015-05-10T19:17:08+0000
1431286022,48.51363,-122.91611,2015-05-10T19:27:02+0000
1431286620,48.52263,-122.91669,2015-05-10T19:37:00+0000
1431287218,48.52743,-122.92625,2015-05-10T19:46:58+0000
1431287857,48.52865,-122.93433,2015-05-10T19:57:37+0000
1431288435,48.52891,-122.93999,2015-05-10T20:07:15+0000
1431289041,48.52879,-122.94411,2015-05-10T20:17:21+0000
1431289612,48.52994,-122.94377,2015-05-10T20:26:52+0000
1431290210,48.53116,-122.94266,2015-05-10T20:36:50+0000
1431296463,48.54159,-122.96956,2015-05-10T22:21:03+0000
1431297007,48.54157,-122.97443,2015-05-10T22:30:07+0000
1431297604,48.54117,-122.98016,2015-05-10T22:40:04+0000
1431298201,48.54195,-122.99495,2015-05-10T22:50:01+0000
1431298796,48.53979,-123.01482,2015-05-10T22:59:56+0000
1431299396,48.5397,-123.01645,2015-05-10T23:09:56+0000
1431565194,48.53966,-123.01591,2015-05-14T00:59:54+0000
1431565727,48.53995,-123.01508,2015-05-14T01:08:47+0000
1431566322,48.5488,-122.9993,2015-05-14T01:18:42+0000
1431566919,48.56013,-122.99228,2015-05-14T01:28:39+0000
1431567517,48.56005,-122.97815,2015-05-14T01:38:37+0000
1431568027,48.55897,-122.9787,2015-05-14T01:47:07+0000
1431618667,48.55891,-122.97894,2015-05-14T15:51:07+0000
1431619239,48.55868,-122.97841,2015-05-14T16:00:39+0000
1431619832,48.56581,-122.98969,2015-05-14T16:10:32+0000
1431620430,48.57295,-123.00783,2015-05-14T16:20:30+0000
1431621026,48.58126,-123.02608,2015-05-14T16:30:26+0000
1431621618,48.59137,-123.04407,2015-05-14T16:40:18+0000
1431622237,48.60269,-123.0584,2015-05-14T16:50:37+0000
1431622803,48.61448,-123.06895,2015-05-14T17:00:03+0000
1431623396,48.62712,-123.08247,2015-05-14T17:09:56+0000
1431623990,48.63895,-123.09854,2015-05-14T17:19:50+0000
1431624583,48.65295,-123.11357,2015-05-14T17:29:43+0000
1431625177,48.66819,-123.12904,2015-05-14T17:39:37+0000
1431625807,48.68513,-123.14313,2015-05-14T17:50:07+0000
1431626371,48.69986,-123.15155,2015-05-14T17:59:31+0000
1431626963,48.71232,-123.16136,2015-05-14T18:09:23+0000
1431627563,48.71957,-123.17938,2015-05-14T18:19:23+0000
1431628159,48.72648,-123.19473,2015-05-14T18:29:19+0000
1431628754,48.73081,-123.20782,2015-05-14T18:39:14+0000
1431629376,48.73864,-123.2227,2015-05-14T18:49:36+0000
1431629947,48.74719,-123.22847,2015-05-14T18:59:07+0000
1431630547,48.74723,-123.2283,2015-05-14T19:09:07+0000
1431631146,48.74728,-123.22841,2015-05-14T19:19:06+0000
1431632662,48.73839,-123.23998,2015-05-14T19:44:22+0000
1431633262,48.74135,-123.25603,2015-05-14T19:54:22+0000
1431633809,48.74572,-123.27153,2015-05-14T20:03:29+0000
1431634403,48.7538,-123.28848,2015-05-14T20:13:23+0000
1431635001,48.76213,-123.30574,2015-05-14T20:23:21+0000
1431635593,48.77309,-123.32245,2015-05-14T20:33:13+0000
1431636188,48.78523,-123.33842,2015-05-14T20:43:08+0000
1431636815,48.79872,-123.35588,2015-05-14T20:53:35+0000
1431637380,48.80698,-123.37486,2015-05-14T21:03:00+0000
1431637976,48.81369,-123.39601,2015-05-14T21:12:56+0000
1431638573,48.82108,-123.41483,2015-05-14T21:22:53+0000
1431639170,48.82764,-123.4348,2015-05-14T21:32:50+0000
1431639770,48.83464,-123.45317,2015-05-14T21:42:50+0000
1431640410,48.84388,-123.47139,2015-05-14T21:53:30+0000
1431640971,48.85207,-123.48775,2015-05-14T22:02:51+0000
1431641566,48.85772,-123.49765,2015-05-14T22:12:46+0000
1431642162,48.85772,-123.49779,2015-05-14T22:22:42+0000
1431642757,48.85779,-123.4977,2015-05-14T22:32:37+0000
1431643081,48.85778,-123.49773,2015-05-14T22:38:01+0000
1431794070,48.8564,-123.49585,2015-05-16T16:34:30+0000
1431794628,48.84997,-123.48326,2015-05-16T16:43:48+0000
1431795223,48.84067,-123.46725,2015-05-16T16:53:43+0000
1431795819,48.83395,-123.44888,2015-05-16T17:03:39+0000
1431796415,48.83336,-123.42755,2015-05-16T17:13:35+0000
1431797008,48.84002,-123.41382,2015-05-16T17:23:28+0000
1431797645,48.85002,-123.41377,2015-05-16T17:34:05+0000
1431798197,48.85322,-123.40927,2015-05-16T17:43:17+0000
1431798804,48.86115,-123.40196,2015-05-16T17:53:24+0000
1431799388,48.85997,-123.41228,2015-05-16T18:03:08+0000
1431800190,48.8689,-123.40923,2015-05-16T18:16:30+0000
1431800639,48.86837,-123.41652,2015-05-16T18:23:59+0000
1431801239,48.87305,-123.41635,2015-05-16T18:33:59+0000
1431801777,48.88157,-123.41833,2015-05-16T18:42:57+0000
1431802368,48.88147,-123.42989,2015-05-16T18:52:48+0000
1431802968,48.87993,-123.43839,2015-05-16T19:02:48+0000
1431803563,48.8786,-123.44571,2015-05-16T19:12:43+0000
1431804157,48.88572,-123.45512,2015-05-16T19:22:37+0000
1431804785,48.89801,-123.46954,2015-05-16T19:33:05+0000
1431805345,48.90596,-123.48346,2015-05-16T19:42:25+0000
1431805943,48.91687,-123.49779,2015-05-16T19:52:23+0000
1431806539,48.9281,-123.50499,2015-05-16T20:02:19+0000
1431807136,48.93475,-123.51474,2015-05-16T20:12:16+0000
1431807733,48.93936,-123.52414,2015-05-16T20:22:13+0000
1431808355,48.95082,-123.54109,2015-05-16T20:32:35+0000
1431808926,48.96157,-123.55519,2015-05-16T20:42:06+0000
1431809521,48.96855,-123.57475,2015-05-16T20:52:01+0000
1431810116,48.97456,-123.59494,2015-05-16T21:01:56+0000
1431810711,48.98158,-123.61473,2015-05-16T21:11:51+0000
1431811307,48.98585,-123.63539,2015-05-16T21:21:47+0000
1431811971,48.98318,-123.64778,2015-05-16T21:32:51+0000
1431812300,48.98318,-123.64792,2015-05-16T21:38:20+0000
1431892535,48.98472,-123.6425,2015-05-17T19:55:35+0000
1431893109,48.99598,-123.64642,2015-05-17T20:05:09+0000
1431893704,49.00961,-123.65182,2015-05-17T20:15:04+0000
1431894291,49.01341,-123.63631,2015-05-17T20:24:51+0000
1431894891,49.01036,-123.6158,2015-05-17T20:34:51+0000
1431895489,49.00873,-123.59259,2015-05-17T20:44:49+0000
1431896107,49.02536,-123.59053,2015-05-17T20:55:07+0000
1431896687,49.03797,-123.58986,2015-05-17T21:04:47+0000
1431897280,49.05146,-123.5995,2015-05-17T21:14:40+0000
1431898019,49.0689,-123.61432,2015-05-17T21:26:59+0000
1431898472,49.07761,-123.61916,2015-05-17T21:34:32+0000
1431899070,49.0913,-123.62762,2015-05-17T21:44:30+0000
1431899699,49.10878,-123.63,2015-05-17T21:54:59+0000
1431900294,49.1254,-123.63126,2015-05-17T22:04:54+0000
1431900854,49.14108,-123.63185,2015-05-17T22:14:14+0000
1431901446,49.15722,-123.63654,2015-05-17T22:24:06+0000
1431902044,49.16566,-123.65715,2015-05-17T22:34:04+0000
1431902639,49.16961,-123.66542,2015-05-17T22:43:59+0000
1431903270,49.17702,-123.68689,2015-05-17T22:54:30+0000
1431903829,49.18261,-123.70874,2015-05-17T23:03:49+0000
1431904424,49.18512,-123.72279,2015-05-17T23:13:44+0000
1431905018,49.18549,-123.72852,2015-05-17T23:23:38+0000
1431905612,49.19403,-123.74921,2015-05-17T23:33:32+0000
1431906206,49.20207,-123.76949,2015-05-17T23:43:26+0000
1431906796,49.20287,-123.79534,2015-05-17T23:53:16+0000
1431907396,49.20446,-123.81482,2015-05-18T00:03:16+0000
1431907991,49.20602,-123.83656,2015-05-18T00:13:11+0000
1431908584,49.20404,-123.85753,2015-05-18T00:23:04+0000
1431909182,49.19952,-123.87469,2015-05-18T00:33:02+0000
1431909777,49.19177,-123.88881,2015-05-18T00:42:57+0000
1431910414,49.18277,-123.90358,2015-05-18T00:53:34+0000
1431910968,49.17216,-123.91063,2015-05-18T01:02:48+0000
1431911560,49.16977,-123.92429,2015-05-18T01:12:40+0000
1431912149,49.1771,-123.93155,2015-05-18T01:22:29+0000
1431912744,49.17713,-123.93161,2015-05-18T01:32:24+0000
1431913336,49.17722,-123.93161,2015-05-18T01:42:16+0000
1431913416,49.1772,-123.93161,2015-05-18T01:43:36+0000
1432124665,49.17718,-123.92967,2015-05-20T12:24:25+0000
1432125220,49.17723,-123.92978,2015-05-20T12:33:40+0000
1432125815,49.17593,-123.9308,2015-05-20T12:43:35+0000
1432126412,49.16719,-123.91855,2015-05-20T12:53:32+0000
1432127008,49.17484,-123.90756,2015-05-20T13:03:28+0000
1432127606,49.18477,-123.89935,2015-05-20T13:13:26+0000
1432128263,49.19383,-123.88792,2015-05-20T13:24:23+0000
1432128802,49.19744,-123.8839,2015-05-20T13:33:22+0000
1432129397,49.19928,-123.87929,2015-05-20T13:43:17+0000
1432129993,49.20676,-123.86794,2015-05-20T13:53:13+0000
1432130589,49.21605,-123.85516,2015-05-20T14:03:09+0000
1432131184,49.22501,-123.83795,2015-05-20T14:13:04+0000
1432131817,49.23579,-123.81915,2015-05-20T14:23:37+0000
1432132372,49.24503,-123.80431,2015-05-20T14:32:52+0000
1432132965,49.25899,-123.79032,2015-05-20T14:42:45+0000
1432133565,49.26654,-123.7747,2015-05-20T14:52:45+0000
1432134159,49.27177,-123.75862,2015-05-20T15:02:39+0000
1432134815,49.28284,-123.75233,2015-05-20T15:13:35+0000
1432135342,49.29507,-123.75254,2015-05-20T15:22:22+0000
1432135942,49.30601,-123.75125,2015-05-20T15:32:22+0000
1432136534,49.31679,-123.74931,2015-05-20T15:42:14+0000
1432137126,49.32497,-123.75063,2015-05-20T15:52:06+0000
1432137722,49.33221,-123.75587,2015-05-20T16:02:02+0000
1432138318,49.33735,-123.76088,2015-05-20T16:11:58+0000
1432138974,49.34564,-123.77087,2015-05-20T16:22:54+0000
1432139508,49.35143,-123.78058,2015-05-20T16:31:48+0000
1432140108,49.36035,-123.78818,2015-05-20T16:41:48+0000
1432140706,49.37053,-123.79753,2015-05-20T16:51:46+0000
1432141303,49.38155,-123.80751,2015-05-20T17:01:43+0000
1432141900,49.39201,-123.81889,2015-05-20T17:11:40+0000
1432142558,49.40088,-123.8362,2015-05-20T17:22:38+0000
1432143095,49.40816,-123.85088,2015-05-20T17:31:35+0000
1432143696,49.41682,-123.8663,2015-05-20T17:41:36+0000
1432144286,49.4264,-123.88036,2015-05-20T17:51:26+0000
1432144881,49.4353,-123.8978,2015-05-20T18:01:21+0000
1432145477,49.44361,-123.9156,2015-05-20T18:11:17+0000
1432146094,49.45129,-123.93217,2015-05-20T18:21:34+0000
1432146665,49.45756,-123.93634,2015-05-20T18:31:05+0000
1432147259,49.46412,-123.93629,2015-05-20T18:40:59+0000
1432147853,49.46927,-123.93288,2015-05-20T18:50:53+0000
1432148453,49.47605,-123.93039,2015-05-20T19:00:53+0000
1432149050,49.48303,-123.93153,2015-05-20T19:10:50+0000
1432149665,49.49016,-123.93381,2015-05-20T19:21:05+0000
1432150266,49.49648,-123.93623,2015-05-20T19:31:06+0000
1432150897,49.50393,-123.94067,2015-05-20T19:41:37+0000
1432151421,49.50701,-123.94727,2015-05-20T19:50:21+0000
1432152036,49.50753,-123.94861,2015-05-20T20:00:36+0000
1432153321,49.5075,-123.94864,2015-05-20T20:22:01+0000
1432317187,49.50297,-123.94093,2015-05-22T17:53:07+0000
1432317748,49.50209,-123.95428,2015-05-22T18:02:28+0000
1432318436,49.5107,-123.97241,2015-05-22T18:13:56+0000
1432318943,49.51863,-123.98282,2015-05-22T18:22:23+0000
1432319540,49.52791,-123.99365,2015-05-22T18:32:20+0000
1432320139,49.53579,-124.00833,2015-05-22T18:42:19+0000
1432320781,49.54463,-124.02429,2015-05-22T18:53:01+0000
1432321335,49.55514,-124.03336,2015-05-22T19:02:15+0000
1432321931,49.56664,-124.04318,2015-05-22T19:12:11+0000
1432322526,49.5761,-124.05116,2015-05-22T19:22:06+0000
1432323122,49.57996,-124.05354,2015-05-22T19:32:02+0000
1432323720,49.58289,-124.05481,2015-05-22T19:42:00+0000
1432324357,49.58544,-124.05547,2015-05-22T19:52:37+0000
1432324979,49.58984,-124.05794,2015-05-22T20:02:59+0000
1432325502,49.60055,-124.06575,2015-05-22T20:11:42+0000
1432326099,49.61397,-124.06876,2015-05-22T20:21:39+0000
1432326744,49.62781,-124.06601,2015-05-22T20:32:24+0000
1432327294,49.62811,-124.05063,2015-05-22T20:41:34+0000
1432327927,49.62666,-124.0294,2015-05-22T20:52:07+0000
1432328486,49.63058,-124.02402,2015-05-22T21:01:26+0000
1432329075,49.63088,-124.02361,2015-05-22T21:11:15+0000
1432329666,49.63088,-124.02367,2015-05-22T21:21:06+0000
1432339621,49.63128,-124.02359,2015-05-23T00:07:01+0000
1432745646,49.63177,-124.02734,2015-05-27T16:54:06+0000
1432746431,49.62717,-124.02438,2015-05-27T17:07:11+0000
1432746803,49.62755,-124.03169,2015-05-27T17:13:23+0000
1432747395,49.63166,-124.03198,2015-05-27T17:23:15+0000
1432747991,49.63158,-124.032,2015-05-27T17:33:11+0000
1432748615,49.63162,-124.03201,2015-05-27T17:43:35+0000
1432749815,49.63066,-124.06032,2015-05-27T18:03:35+0000
1432750386,49.63713,-124.07628,2015-05-27T18:13:06+0000
1432750980,49.65061,-124.07758,2015-05-27T18:23:00+0000
1432751580,49.66436,-124.07559,2015-05-27T18:33:00+0000
1432752176,49.67818,-124.07318,2015-05-27T18:42:56+0000
1432752775,49.69268,-124.07018,2015-05-27T18:52:55+0000
1432753438,49.70759,-124.06082,2015-05-27T19:03:58+0000
1432753971,49.71861,-124.05197,2015-05-27T19:12:51+0000
1432754571,49.73179,-124.04355,2015-05-27T19:22:51+0000
1432755166,49.74435,-124.0356,2015-05-27T19:32:46+0000
1432755766,49.75345,-124.01942,2015-05-27T19:42:46+0000
1432756359,49.76056,-124.00238,2015-05-27T19:52:39+0000
1432757009,49.77037,-123.98604,2015-05-27T20:03:29+0000
1432757546,49.7796,-123.99434,2015-05-27T20:12:26+0000
1432758139,49.79024,-124.00417,2015-05-27T20:22:19+0000
1432758734,49.80298,-124.00854,2015-05-27T20:32:14+0000
1432759321,49.81626,-124.01004,2015-05-27T20:42:01+0000
1432759921,49.83012,-124.01013,2015-05-27T20:52:01+0000
1432760554,49.84527,-124.00967,2015-05-27T21:02:34+0000
1432761109,49.85818,-124.01123,2015-05-27T21:11:49+0000
1432762297,49.86615,-124.01816,2015-05-27T21:31:37+0000
1432762426,49.86547,-124.01826,2015-05-27T21:33:46+0000
1432844992,49.86679,-124.01773,2015-05-28T20:29:52+0000
1432845546,49.86553,-124.02133,2015-05-28T20:39:06+0000
1432846140,49.86166,-124.01378,2015-05-28T20:49:00+0000
1432846730,49.85374,-124.00606,2015-05-28T20:58:50+0000
1432847396,49.85157,-124.00275,2015-05-28T21:09:56+0000
1432847924,49.85973,-124.00899,2015-05-28T21:18:44+0000
1432848577,49.86626,-124.01817,2015-05-28T21:29:37+0000
1432914993,49.80235,-123.96396,2015-05-29T15:56:33+0000
1432915564,49.80934,-123.94489,2015-05-29T16:06:04+0000
1432916164,49.81861,-123.92747,2015-05-29T16:16:04+0000
1432916827,49.83012,-123.91587,2015-05-29T16:27:07+0000
1432917427,49.84587,-123.90969,2015-05-29T16:37:07+0000
1432918027,49.85939,-123.90411,2015-05-29T16:47:07+0000
1432918548,49.86983,-123.89511,2015-05-29T16:55:48+0000
1432919164,49.88207,-123.89478,2015-05-29T17:06:04+0000
1432919764,49.89198,-123.90826,2015-05-29T17:16:04+0000
1432920332,49.89909,-123.91666,2015-05-29T17:25:32+0000
1432920932,49.90699,-123.92722,2015-05-29T17:35:32+0000
1432921526,49.91401,-123.94041,2015-05-29T17:45:26+0000
1432922126,49.92135,-123.95251,2015-05-29T17:55:26+0000
1432922726,49.93083,-123.95912,2015-05-29T18:05:26+0000
1432923325,49.93969,-123.96724,2015-05-29T18:15:25+0000
1432923924,49.94865,-123.97623,2015-05-29T18:25:24+0000
1432924518,49.95792,-123.97816,2015-05-29T18:35:18+0000
1432925166,49.96921,-123.97913,2015-05-29T18:46:06+0000
1432925706,49.98073,-123.97835,2015-05-29T18:55:06+0000
1432926298,49.9936,-123.96921,2015-05-29T19:04:58+0000
1432926898,50.00257,-123.95239,2015-05-29T19:14:58+0000
1432927619,50.0104,-123.92878,2015-05-29T19:26:59+0000
1432928219,50.01242,-123.91093,2015-05-29T19:36:59+0000
1432928819,50.02105,-123.89308,2015-05-29T19:46:59+0000
1432929278,50.02878,-123.88469,2015-05-29T19:54:38+0000
1432929878,50.03994,-123.86958,2015-05-29T20:04:38+0000
1432930473,50.04939,-123.85229,2015-05-29T20:14:33+0000
1432931058,50.05958,-123.82976,2015-05-29T20:24:18+0000
1432931794,50.07124,-123.80551,2015-05-29T20:36:34+0000
1432932258,50.08134,-123.7962,2015-05-29T20:44:18+0000
1432932925,50.09757,-123.79723,2015-05-29T20:55:25+0000
1432933466,50.10888,-123.80167,2015-05-29T21:04:26+0000
1432934058,50.12194,-123.81523,2015-05-29T21:14:18+0000
1432934638,50.13372,-123.83156,2015-05-29T21:23:58+0000
1432935233,50.14745,-123.84491,2015-05-29T21:33:53+0000
1432935863,50.15474,-123.8515,2015-05-29T21:44:23+0000
1432936476,50.15931,-123.85606,2015-05-29T21:54:36+0000
1432937047,50.16216,-123.8578,2015-05-29T22:04:07+0000
1432937612,50.16222,-123.85782,2015-05-29T22:13:32+0000
1432938206,50.16215,-123.8577,2015-05-29T22:23:26+0000
1432938802,50.16218,-123.85771,2015-05-29T22:33:22+0000
1432939397,50.16218,-123.85771,2015-05-29T22:43:17+0000
1432940634,50.16343,-123.85291,2015-05-29T23:03:54+0000
1432941137,50.17266,-123.83763,2015-05-29T23:12:17+0000
1432941734,50.17563,-123.81894,2015-05-29T23:22:14+0000
1432942415,50.18532,-123.79379,2015-05-29T23:33:35+0000
1432942926,50.18542,-123.77916,2015-05-29T23:42:06+0000
1432943750,50.20412,-123.76903,2015-05-29T23:55:50+0000
1432944349,50.20403,-123.76923,2015-05-30T00:05:49+0000
1432944618,50.20411,-123.76895,2015-05-30T00:10:18+0000
1433078699,50.21053,-123.76152,2015-05-31T13:24:59+0000
1433080250,50.21047,-123.758,2015-05-31T13:50:50+0000
1433080850,50.20953,-123.75697,2015-05-31T14:00:50+0000
1433081450,50.20863,-123.75706,2015-05-31T14:10:50+0000
1433081462,50.20863,-123.75706,2015-05-31T14:11:02+0000
1433084073,50.21259,-123.75633,2015-05-31T14:54:33+0000
1433085866,50.20932,-123.76649,2015-05-31T15:24:26+0000
1433087430,50.20418,-123.769,2015-05-31T15:50:30+0000
1433183764,50.20413,-123.76907,2015-06-01T18:36:04+0000
1433184353,50.19949,-123.77307,2015-06-01T18:45:53+0000
1433184915,50.18974,-123.78747,2015-06-01T18:55:15+0000
1433185515,50.18236,-123.80489,2015-06-01T19:05:15+0000
1433186112,50.17619,-123.82542,2015-06-01T19:15:12+0000
1433186916,50.16677,-123.84793,2015-06-01T19:28:36+0000
1433187306,50.16325,-123.85283,2015-06-01T19:35:06+0000
1433187987,50.15214,-123.84543,2015-06-01T19:46:27+0000
1433188499,50.14346,-123.83791,2015-06-01T19:54:59+0000
1433189095,50.13345,-123.82909,2015-06-01T20:04:55+0000
1433189690,50.12374,-123.82047,2015-06-01T20:14:50+0000
1433190304,50.11388,-123.81247,2015-06-01T20:25:04+0000
1433190904,50.10259,-123.80234,2015-06-01T20:35:04+0000
1433191554,50.09951,-123.80083,2015-06-01T20:45:54+0000
1433192072,50.09665,-123.79987,2015-06-01T20:54:32+0000
1433192665,50.10455,-123.80519,2015-06-01T21:04:25+0000
1433193259,50.09555,-123.79562,2015-06-01T21:14:19+0000
1433193845,50.10332,-123.80122,2015-06-01T21:24:05+0000
1433194445,50.10456,-123.80817,2015-06-01T21:34:05+0000
1433195122,50.10596,-123.80751,2015-06-01T21:45:22+0000
1433197739,50.10389,-123.81771,2015-06-01T22:28:59+0000
1433198339,50.10076,-123.82312,2015-06-01T22:38:59+0000
1433198940,50.10067,-123.8233,2015-06-01T22:49:00+0000
1433199540,50.10065,-123.82341,2015-06-01T22:59:00+0000
1433199960,50.10073,-123.8233,2015-06-01T23:06:00+0000
1433250002,50.08451,-123.79305,2015-06-02T13:00:02+0000
1433250531,50.07744,-123.79686,2015-06-02T13:08:51+0000
1433250972,50.07043,-123.79654,2015-06-02T13:16:12+0000
1433251572,50.07004,-123.80032,2015-06-02T13:26:12+0000
1433252333,50.08893,-123.79773,2015-06-02T13:38:53+0000
1433252762,50.09664,-123.80032,2015-06-02T13:46:02+0000
1433253358,50.10181,-123.80629,2015-06-02T13:55:58+0000
1433253957,50.10117,-123.80811,2015-06-02T14:05:57+0000
1433254552,50.10095,-123.8233,2015-06-02T14:15:52+0000
1433265726,50.10096,-123.82327,2015-06-02T17:22:06+0000
1433266253,50.10345,-123.81923,2015-06-02T17:30:53+0000
1433266853,50.09873,-123.80235,2015-06-02T17:40:53+0000
1433267450,50.08718,-123.7941,2015-06-02T17:50:50+0000
1433268043,50.07584,-123.79237,2015-06-02T18:00:43+0000
1433268643,50.06425,-123.79512,2015-06-02T18:10:43+0000
1433269231,50.04827,-123.80114,2015-06-02T18:20:31+0000
1433269831,50.0478,-123.81341,2015-06-02T18:30:31+0000
1433270431,50.05368,-123.83272,2015-06-02T18:40:31+0000
1433271030,50.04219,-123.83115,2015-06-02T18:50:30+0000
1433271623,50.03518,-123.83403,2015-06-02T19:00:23+0000
1433272263,50.03299,-123.85302,2015-06-02T19:11:03+0000
1433272863,50.0296,-123.86778,2015-06-02T19:21:03+0000
1433273412,50.02742,-123.87955,2015-06-02T19:30:12+0000
1433274011,50.0216,-123.89113,2015-06-02T19:40:11+0000
1433274664,50.01683,-123.90755,2015-06-02T19:51:04+0000
1433275204,50.0084,-123.91759,2015-06-02T20:00:04+0000
1433276027,50.00119,-123.94379,2015-06-02T20:13:47+0000
1433276624,49.99748,-123.96223,2015-06-02T20:23:44+0000
1433277220,49.98868,-123.97047,2015-06-02T20:33:40+0000
1433277712,49.98029,-123.97586,2015-06-02T20:41:52+0000
1433278187,49.97334,-123.97786,2015-06-02T20:49:47+0000
1433278779,49.96359,-123.97835,2015-06-02T20:59:39+0000
1433279378,49.95433,-123.97481,2015-06-02T21:09:38+0000
1433279973,49.9449,-123.96899,2015-06-02T21:19:33+0000
1433280665,49.93348,-123.95988,2015-06-02T21:31:05+0000
1433281164,49.92594,-123.9521,2015-06-02T21:39:24+0000
1433281755,49.9168,-123.94333,2015-06-02T21:49:15+0000
1433282350,49.90618,-123.93509,2015-06-02T21:59:10+0000
1433282945,49.89748,-123.92133,2015-06-02T22:09:05+0000
1433283545,49.88845,-123.90892,2015-06-02T22:19:05+0000
1433284195,49.87838,-123.89989,2015-06-02T22:29:55+0000
1433284730,49.86909,-123.90201,2015-06-02T22:38:50+0000
1433285330,49.85858,-123.90604,2015-06-02T22:48:50+0000
1433285930,49.84695,-123.90982,2015-06-02T22:58:50+0000
1433286524,49.83554,-123.91383,2015-06-02T23:08:44+0000
1433287144,49.82469,-123.92297,2015-06-02T23:19:04+0000
1433287746,49.8228,-123.94231,2015-06-02T23:29:06+0000
1433288306,49.82048,-123.95557,2015-06-02T23:38:26+0000
1433288902,49.82034,-123.95891,2015-06-02T23:48:22+0000
1433289442,49.82042,-123.95901,2015-06-02T23:57:22+0000
1433347536,49.80889,-123.95699,2015-06-03T16:05:36+0000
1433348092,49.79621,-123.96147,2015-06-03T16:14:52+0000
1433348689,49.78359,-123.96739,2015-06-03T16:24:49+0000
1433349290,49.77312,-123.98048,2015-06-03T16:34:50+0000
1433349885,49.76427,-123.99588,2015-06-03T16:44:45+0000
1433350504,49.75766,-124.01485,2015-06-03T16:55:04+0000
1433351106,49.74817,-124.03075,2015-06-03T17:05:06+0000
1433351672,49.73865,-124.04303,2015-06-03T17:14:32+0000
1433352267,49.72597,-124.0482,2015-06-03T17:24:27+0000
1433352861,49.71252,-124.05583,2015-06-03T17:34:21+0000
1433353456,49.69998,-124.0654,2015-06-03T17:44:16+0000
1433354050,49.68692,-124.07266,2015-06-03T17:54:10+0000
1433354675,49.67387,-124.07506,2015-06-03T18:04:35+0000
1433355242,49.66182,-124.07708,2015-06-03T18:14:02+0000
1433355842,49.6486,-124.07845,2015-06-03T18:24:02+0000
1433356437,49.6363,-124.07686,2015-06-03T18:33:57+0000
1433357031,49.63097,-124.06197,2015-06-03T18:43:51+0000
1433357626,49.63052,-124.04605,2015-06-03T18:53:46+0000
1433358247,49.62668,-124.02956,2015-06-03T19:04:07+0000
1433358816,49.63093,-124.0237,2015-06-03T19:13:36+0000
1433359411,49.63123,-124.02377,2015-06-03T19:23:31+0000
1433359745,49.63122,-124.02351,2015-06-03T19:29:05+0000
1433618256,49.6316,-124.02646,2015-06-06T19:17:36+0000
1433618816,49.631,-124.02502,2015-06-06T19:26:56+0000
1433619408,49.62733,-124.03036,2015-06-06T19:36:48+0000
1433620003,49.63164,-124.03189,2015-06-06T19:46:43+0000
1433620598,49.63174,-124.03195,2015-06-06T19:56:38+0000
1433621198,49.63157,-124.03195,2015-06-06T20:06:38+0000
1433621885,49.63108,-124.03674,2015-06-06T20:18:05+0000
1433622390,49.63109,-124.05293,2015-06-06T20:26:30+0000
1433622985,49.63412,-124.07079,2015-06-06T20:36:25+0000
1433623581,49.64047,-124.08255,2015-06-06T20:46:21+0000
1433624179,49.64079,-124.0945,2015-06-06T20:56:19+0000
1433624775,49.63572,-124.09781,2015-06-06T21:06:15+0000
1433625449,49.62825,-124.1011,2015-06-06T21:17:29+0000
1433625972,49.63406,-124.10558,2015-06-06T21:26:12+0000
1433626571,49.63895,-124.11798,2015-06-06T21:36:11+0000
1433627169,49.63278,-124.13144,2015-06-06T21:46:09+0000
1433627769,49.6263,-124.14603,2015-06-06T21:56:09+0000
1433628364,49.6308,-124.15366,2015-06-06T22:06:04+0000
1433628995,49.63953,-124.15576,2015-06-06T22:16:35+0000
1433629561,49.64669,-124.15913,2015-06-06T22:26:01+0000
1433630392,49.64957,-124.17038,2015-06-06T22:39:52+0000
1433630820,49.64625,-124.17737,2015-06-06T22:47:00+0000
1433631356,49.64265,-124.18063,2015-06-06T22:55:56+0000
1433631994,49.64043,-124.19048,2015-06-06T23:06:34+0000
1433632594,49.64352,-124.18619,2015-06-06T23:16:34+0000
1433633140,49.65215,-124.19008,2015-06-06T23:25:40+0000
1433633741,49.65653,-124.19894,2015-06-06T23:35:41+0000
1433634338,49.66055,-124.21371,2015-06-06T23:45:38+0000
1433634933,49.66528,-124.23067,2015-06-06T23:55:33+0000
1433635565,49.67091,-124.23724,2015-06-07T00:06:05+0000
1433636116,49.68118,-124.23477,2015-06-07T00:15:16+0000
1433636716,49.68809,-124.23228,2015-06-07T00:25:16+0000
1433637316,49.69461,-124.23074,2015-06-07T00:35:16+0000
1433637913,49.70578,-124.22939,2015-06-07T00:45:13+0000
1433638504,49.71468,-124.22359,2015-06-07T00:55:04+0000
1433639127,49.7249,-124.2126,2015-06-07T01:05:27+0000
1433639847,49.73174,-124.20848,2015-06-07T01:17:27+0000
1433640292,49.7315,-124.20869,2015-06-07T01:24:52+0000
1433640728,49.73162,-124.20863,2015-06-07T01:32:08+0000
1433691173,49.69923,-124.31221,2015-06-07T15:32:53+0000
1433691764,49.70197,-124.32621,2015-06-07T15:42:44+0000
1433692364,49.70536,-124.33823,2015-06-07T15:52:44+0000
1433692960,49.71414,-124.33243,2015-06-07T16:02:40+0000
1433693616,49.72375,-124.32907,2015-06-07T16:13:36+0000
1433694152,49.73244,-124.32741,2015-06-07T16:22:32+0000
1433694748,49.74218,-124.33376,2015-06-07T16:32:28+0000
1433695344,49.75211,-124.34769,2015-06-07T16:42:24+0000
1433695940,49.75618,-124.36324,2015-06-07T16:52:20+0000
1433696556,49.75935,-124.37841,2015-06-07T17:02:36+0000
1433697156,49.76124,-124.39455,2015-06-07T17:12:36+0000
1433697728,49.76197,-124.40877,2015-06-07T17:22:08+0000
1433698323,49.76446,-124.42346,2015-06-07T17:32:03+0000
1433698923,49.76721,-124.43797,2015-06-07T17:42:03+0000
1433699510,49.77062,-124.45268,2015-06-07T17:51:50+0000
1433700110,49.77534,-124.46616,2015-06-07T18:01:50+0000
1433700772,49.78122,-124.48244,2015-06-07T18:12:52+0000
1433701290,49.78613,-124.49595,2015-06-07T18:21:30+0000
1433701890,49.79149,-124.51114,2015-06-07T18:31:30+0000
1433702483,49.79663,-124.52563,2015-06-07T18:41:23+0000
1433703076,49.80509,-124.53651,2015-06-07T18:51:16+0000
1433703674,49.81746,-124.54662,2015-06-07T19:01:14+0000
1433704268,49.83087,-124.55672,2015-06-07T19:11:08+0000
1433704868,49.84237,-124.56573,2015-06-07T19:21:08+0000
1433705465,49.85469,-124.57732,2015-06-07T19:31:05+0000
1433706061,49.86637,-124.59024,2015-06-07T19:41:01+0000
1433706656,49.87738,-124.60371,2015-06-07T19:50:56+0000
1433707251,49.88609,-124.61719,2015-06-07T20:00:51+0000
1433707841,49.89417,-124.63177,2015-06-07T20:10:41+0000
1433708441,49.90112,-124.6449,2015-06-07T20:20:41+0000
1433709035,49.90779,-124.65939,2015-06-07T20:30:35+0000
1433709630,49.91447,-124.67384,2015-06-07T20:40:30+0000
1433710224,49.92183,-124.6851,2015-06-07T20:50:24+0000
1433710819,49.92726,-124.69611,2015-06-07T21:00:19+0000
1433711488,49.93273,-124.70856,2015-06-07T21:11:28+0000
1433712011,49.93728,-124.71896,2015-06-07T21:20:11+0000
1433712607,49.94149,-124.73007,2015-06-07T21:30:07+0000
1433713204,49.94275,-124.73271,2015-06-07T21:40:04+0000
1433713801,49.95045,-124.74323,2015-06-07T21:50:01+0000
1433714396,49.95177,-124.74081,2015-06-07T21:59:56+0000
1433715030,49.95289,-124.745,2015-06-07T22:10:30+0000
1433715583,49.95313,-124.75053,2015-06-07T22:19:43+0000
1433716178,49.95473,-124.7569,2015-06-07T22:29:38+0000
1433716776,49.9564,-124.7617,2015-06-07T22:39:36+0000
1433717374,49.96326,-124.76576,2015-06-07T22:49:34+0000
1433717968,49.97024,-124.76755,2015-06-07T22:59:28+0000
1433718601,49.97684,-124.76677,2015-06-07T23:10:01+0000
1433719158,49.98042,-124.76439,2015-06-07T23:19:18+0000
1433719748,49.98043,-124.76439,2015-06-07T23:29:08+0000
1433734746,49.98077,-124.7635,2015-06-08T03:39:06+0000
1433878055,49.98156,-124.76997,2015-06-09T15:27:35-0400
1433878591,49.98652,-124.7814,2015-06-09T15:36:31-0400
1433879188,49.99841,-124.79324,2015-06-09T15:46:28-0400
1433879963,50.01352,-124.80981,2015-06-09T15:59:23-0400
1433880382,50.02288,-124.81659,2015-06-09T16:06:22-0400
1433880976,50.03499,-124.82941,2015-06-09T16:16:16-0400
1433881627,50.04889,-124.84183,2015-06-09T16:27:07-0400
1433882161,50.06046,-124.84508,2015-06-09T16:36:01-0400
1433882760,50.05862,-124.85191,2015-06-09T16:46:00-0400
1433883353,50.05974,-124.85191,2015-06-09T16:55:53-0400
1433883952,50.06249,-124.84674,2015-06-09T17:05:52-0400
1433884548,50.06684,-124.84077,2015-06-09T17:15:48-0400
1433885136,50.06729,-124.82953,2015-06-09T17:25:36-0400
1433885736,50.06742,-124.81743,2015-06-09T17:35:36-0400
1433886332,50.0659,-124.80151,2015-06-09T17:45:32-0400
1433886930,50.06072,-124.79228,2015-06-09T17:55:30-0400
1433887554,50.06128,-124.78717,2015-06-09T18:05:54-0400
1433888154,50.06107,-124.78717,2015-06-09T18:15:54-0400
1433888765,50.06116,-124.78709,2015-06-09T18:26:05-0400
1433889958,50.06134,-124.78711,2015-06-09T18:45:58-0400
1433962716,50.06125,-124.78706,2015-06-10T13:58:36-0500
1433963246,50.06128,-124.78711,2015-06-10T14:07:26-0500
1433963879,50.06119,-124.78683,2015-06-10T14:17:59-0500
1433971431,50.06123,-124.78683,2015-06-10T16:23:51-0500
1433971922,50.05374,-124.78404,2015-06-10T16:32:02-0500
1433972515,50.04879,-124.7767,2015-06-10T16:41:55-0500
1433973111,50.04205,-124.7673,2015-06-10T16:51:51-0500
1433973706,50.04027,-124.7562,2015-06-10T17:01:46-0500
1433974306,50.04702,-124.74982,2015-06-10T17:11:46-0500
1433979719,50.04699,-124.7509,2015-06-10T18:41:59-0500
1433980286,50.04868,-124.74765,2015-06-10T18:51:26-0500
1433980923,50.03982,-124.7542,2015-06-10T19:02:03-0500
1433981445,50.03424,-124.74431,2015-06-10T19:10:45-0500
1433982040,50.03495,-124.72925,2015-06-10T19:20:40-0500
1433982637,50.04222,-124.71768,2015-06-10T19:30:37-0500
1433983295,50.05351,-124.72343,2015-06-10T19:41:35-0500
1433983824,50.05463,-124.72527,2015-06-10T19:50:24-0500
1433984420,50.06636,-124.71504,2015-06-10T20:00:20-0500
1433985015,50.07837,-124.7166,2015-06-10T20:10:15-0500
1433985611,50.07406,-124.71124,2015-06-10T20:20:11-0500
1433986607,50.07077,-124.70422,2015-06-10T20:36:47-0500
1434048778,50.06441,-124.71396,2015-06-11T18:52:58+0000
1434049317,50.05317,-124.71817,2015-06-11T19:01:57+0000
1434049913,50.03998,-124.72017,2015-06-11T19:11:53+0000
1434050508,50.03135,-124.72334,2015-06-11T19:21:48+0000
1434051106,50.02174,-124.71948,2015-06-11T19:31:46+0000
1434051707,50.01229,-124.71562,2015-06-11T19:41:47+0000
1434052325,50.00073,-124.7121,2015-06-11T19:52:05+0000
1434052900,49.99181,-124.71042,2015-06-11T20:01:40+0000
1434053720,49.99865,-124.70941,2015-06-11T20:15:20+0000
1434054275,50.00684,-124.70987,2015-06-11T20:24:35+0000
1434054684,50.01271,-124.71141,2015-06-11T20:31:24+0000
1434055277,50.02179,-124.71912,2015-06-11T20:41:17+0000
1434055913,50.03717,-124.72227,2015-06-11T20:51:53+0000
1434056465,50.05019,-124.71542,2015-06-11T21:01:05+0000
1434057060,50.06421,-124.71291,2015-06-11T21:11:00+0000
1434057659,50.06999,-124.70222,2015-06-11T21:20:59+0000
1434131405,50.06688,-124.69695,2015-06-12T17:50:05+0000
1434131939,50.06901,-124.68266,2015-06-12T17:58:59+0000
1434132532,50.07439,-124.67009,2015-06-12T18:08:52+0000
1434133128,50.07236,-124.67319,2015-06-12T18:18:48+0000
1434133805,50.07192,-124.67252,2015-06-12T18:30:05+0000
1434136252,50.07221,-124.67088,2015-06-12T19:10:52+0000
1434136852,50.07225,-124.67285,2015-06-12T19:20:52+0000
1434137452,50.06697,-124.68839,2015-06-12T19:30:52+0000
1434138034,50.06883,-124.69943,2015-06-12T19:40:34+0000
1434138488,50.07045,-124.70197,2015-06-12T19:48:08+0000
1434139115,50.07056,-124.70195,2015-06-12T19:58:35+0000
1434139679,50.07029,-124.70207,2015-06-12T20:07:59+0000
1434140807,50.07048,-124.70192,2015-06-12T20:26:47+0000
1434141402,50.07035,-124.70197,2015-06-12T20:36:42+0000
1434141994,50.07056,-124.70195,2015-06-12T20:46:34+0000
1434484084,50.07038,-124.70232,2015-06-16T19:48:04+0000
1434484636,50.06594,-124.71161,2015-06-16T19:57:16+0000
1434485233,50.05234,-124.71802,2015-06-16T20:07:13+0000
1434485829,50.0393,-124.72585,2015-06-16T20:17:09+0000
1434486429,50.03325,-124.74289,2015-06-16T20:27:09+0000
1434487249,50.04292,-124.76814,2015-06-16T20:40:49+0000
1434487650,50.04975,-124.77821,2015-06-16T20:47:30+0000
1434488211,50.05949,-124.78593,2015-06-16T20:56:51+0000
1434488803,50.06313,-124.79976,2015-06-16T21:06:43+0000
1434489400,50.06885,-124.81711,2015-06-16T21:16:40+0000
1434489994,50.07331,-124.83731,2015-06-16T21:26:34+0000
1434490593,50.07577,-124.85625,2015-06-16T21:36:33+0000
1434491228,50.08186,-124.86305,2015-06-16T21:47:08+0000
1434491783,50.08842,-124.86827,2015-06-16T21:56:23+0000
1434492382,50.09577,-124.8772,2015-06-16T22:06:22+0000
1434493013,50.1055,-124.87372,2015-06-16T22:16:53+0000
1434493569,50.11271,-124.86145,2015-06-16T22:26:09+0000
1434494167,50.11905,-124.84851,2015-06-16T22:36:07+0000
1434494826,50.12394,-124.842,2015-06-16T22:47:06+0000
1434495362,50.12394,-124.84135,2015-06-16T22:56:02+0000
1434496182,50.12452,-124.83904,2015-06-16T23:09:42+0000
1434502744,50.12372,-124.8414,2015-06-17T00:59:04+0000
1434503296,50.11794,-124.85295,2015-06-17T01:08:16+0000
1434503893,50.11732,-124.86865,2015-06-17T01:18:13+0000
1434504493,50.11768,-124.88414,2015-06-17T01:28:13+0000
1434505090,50.11878,-124.89781,2015-06-17T01:38:10+0000
1434505685,50.11943,-124.90662,2015-06-17T01:48:05+0000
1434506316,50.11903,-124.91228,2015-06-17T01:58:36+0000
1434506769,50.11953,-124.9129,2015-06-17T02:06:09+0000
1434761704,50.11997,-124.91153,2015-06-20T00:55:04+0000
1434762268,50.11952,-124.90163,2015-06-20T01:04:28+0000
1434762862,50.117,-124.89357,2015-06-20T01:14:22+0000
1434763492,50.11475,-124.8835,2015-06-20T01:24:52+0000
1434764054,50.11279,-124.87331,2015-06-20T01:34:14+0000
1434764650,50.10878,-124.86078,2015-06-20T01:44:10+0000
1434765275,50.10408,-124.84561,2015-06-20T01:54:35+0000
1434765841,50.10223,-124.82826,2015-06-20T02:04:01+0000
1434766437,50.10295,-124.81413,2015-06-20T02:13:57+0000
1434767033,50.10567,-124.80124,2015-06-20T02:23:53+0000
1434767631,50.11051,-124.7858,2015-06-20T02:33:51+0000
1434768225,50.11969,-124.76898,2015-06-20T02:43:45+0000
1434768846,50.12642,-124.74805,2015-06-20T02:54:06+0000
1434769422,50.13242,-124.72885,2015-06-20T03:03:42+0000
1434770166,50.14017,-124.70564,2015-06-20T03:16:06+0000
1434770620,50.14631,-124.69188,2015-06-20T03:23:40+0000
1434771231,50.14243,-124.68478,2015-06-20T03:33:51+0000
1434771846,50.14201,-124.67688,2015-06-20T03:44:06+0000
1434772440,50.14223,-124.67691,2015-06-20T03:54:00+0000
1434772850,50.14221,-124.67686,2015-06-20T04:00:50+0000
1434838558,50.14191,-124.6839,2015-06-20T22:15:58+0000
1434839280,50.14973,-124.69452,2015-06-20T22:28:00+0000
1434839654,50.14925,-124.70907,2015-06-20T22:34:14+0000
1434840254,50.14552,-124.73044,2015-06-20T22:44:14+0000
1434840847,50.13694,-124.74724,2015-06-20T22:54:07+0000
1434841475,50.12829,-124.76324,2015-06-20T23:04:35+0000
1434842075,50.11919,-124.77963,2015-06-20T23:14:35+0000
1434842640,50.10958,-124.79416,2015-06-20T23:24:00+0000
1434843238,50.09928,-124.80893,2015-06-20T23:33:58+0000
1434843830,50.09032,-124.8217,2015-06-20T23:43:50+0000
1434844425,50.08144,-124.83067,2015-06-20T23:53:45+0000
1434845193,50.07,-124.84076,2015-06-21T00:06:33+0000
1434845670,50.06467,-124.84668,2015-06-21T00:14:30+0000
1434846212,50.05484,-124.84488,2015-06-21T00:23:32+0000
1434846805,50.04232,-124.83664,2015-06-21T00:33:25+0000
1434847404,50.02994,-124.82501,2015-06-21T00:43:24+0000
1434847995,50.01741,-124.81271,2015-06-21T00:53:15+0000
1434848614,50.00394,-124.80029,2015-06-21T01:03:34+0000
1434849233,49.99136,-124.78503,2015-06-21T01:13:53+0000
1434849774,49.98156,-124.77304,2015-06-21T01:22:54+0000
1434850370,49.98058,-124.76387,2015-06-21T01:32:50+0000
1434850965,49.98051,-124.76349,2015-06-21T01:42:45+0000
1434899393,49.98133,-124.76321,2015-06-21T15:09:53+0000
1434899953,49.98087,-124.76994,2015-06-21T15:19:13+0000
1434900548,49.97253,-124.77185,2015-06-21T15:29:08+0000
1434901218,49.96664,-124.7675,2015-06-21T15:40:18+0000
1434901734,49.96256,-124.76302,2015-06-21T15:48:54+0000
1434902334,49.95685,-124.7583,2015-06-21T15:58:54+0000
1434902975,49.94905,-124.75323,2015-06-21T16:09:35+0000
1434903529,49.94323,-124.74789,2015-06-21T16:18:49+0000
1434904124,49.93722,-124.74472,2015-06-21T16:28:44+0000
1434904725,49.92999,-124.74268,2015-06-21T16:38:45+0000
1434905316,49.92346,-124.74135,2015-06-21T16:48:36+0000
1434905916,49.91707,-124.74152,2015-06-21T16:58:36+0000
1434906545,49.9108,-124.74231,2015-06-21T17:09:05+0000
1434907112,49.90381,-124.73883,2015-06-21T17:18:32+0000
1434907708,49.89503,-124.73412,2015-06-21T17:28:28+0000
1434908300,49.8836,-124.73571,2015-06-21T17:38:20+0000
1434908900,49.87223,-124.73683,2015-06-21T17:48:20+0000
1434909496,49.86227,-124.74168,2015-06-21T17:58:16+0000
1434910116,49.85236,-124.7478,2015-06-21T18:08:36+0000
1434910685,49.8444,-124.75146,2015-06-21T18:18:05+0000
1434911314,49.83817,-124.75067,2015-06-21T18:28:34+0000
1434911917,49.83054,-124.75467,2015-06-21T18:38:37+0000
1434912474,49.82264,-124.75957,2015-06-21T18:47:54+0000
1434913073,49.81464,-124.76469,2015-06-21T18:57:53+0000
1434913702,49.80703,-124.76834,2015-06-21T19:08:22+0000
1434914264,49.80078,-124.77095,2015-06-21T19:17:44+0000
1434914858,49.79431,-124.77441,2015-06-21T19:27:38+0000
1434915452,49.7888,-124.77681,2015-06-21T19:37:32+0000
1434916040,49.78457,-124.77736,2015-06-21T19:47:20+0000
1434916640,49.77989,-124.77951,2015-06-21T19:57:20+0000
1434917287,49.76472,-124.78557,2015-06-21T20:08:07+0000
1434917856,49.75094,-124.79073,2015-06-21T20:17:36+0000
1434918431,49.73751,-124.79539,2015-06-21T20:27:11+0000
1434919023,49.72404,-124.79997,2015-06-21T20:37:03+0000
1434919616,49.71087,-124.80525,2015-06-21T20:46:56+0000
1434920213,49.69823,-124.81305,2015-06-21T20:56:53+0000
1434920843,49.6846,-124.8208,2015-06-21T21:07:23+0000
1434921409,49.67417,-124.83289,2015-06-21T21:16:49+0000
1434922009,49.66424,-124.84807,2015-06-21T21:26:49+0000
1434922608,49.6557,-124.86271,2015-06-21T21:36:48+0000
1434923208,49.64943,-124.87318,2015-06-21T21:46:48+0000
1434923825,49.64684,-124.89331,2015-06-21T21:57:05+0000
1434924426,49.65104,-124.91266,2015-06-21T22:07:06+0000
1434925028,49.65874,-124.92845,2015-06-21T22:17:08+0000
1434925596,49.66412,-124.92468,2015-06-21T22:26:36+0000
1434926194,49.66558,-124.9218,2015-06-21T22:36:34+0000
1434926413,49.66561,-124.92194,2015-06-21T22:40:13+0000
1435086898,49.66466,-124.92624,2015-06-23T19:14:58+0000
1435087455,49.66033,-124.93166,2015-06-23T19:24:15+0000
1435088050,49.65638,-124.93538,2015-06-23T19:34:10+0000
1435088649,49.65443,-124.93108,2015-06-23T19:44:09+0000
1435089242,49.65643,-124.92693,2015-06-23T19:54:02+0000
1435089840,49.65277,-124.9203,2015-06-23T20:04:00+0000
1435090500,49.64266,-124.91286,2015-06-23T20:15:00+0000
1435091043,49.63464,-124.90637,2015-06-23T20:24:03+0000
1435091637,49.62618,-124.89922,2015-06-23T20:33:57+0000
1435092230,49.61703,-124.89375,2015-06-23T20:43:50+0000
1435092824,49.60822,-124.88974,2015-06-23T20:53:44+0000
1435093418,49.61142,-124.88387,2015-06-23T21:03:38+0000
1435094068,49.61792,-124.87561,2015-06-23T21:14:28+0000
1435094603,49.62402,-124.86795,2015-06-23T21:23:23+0000
1435095199,49.62086,-124.86125,2015-06-23T21:33:19+0000
1435095796,49.61975,-124.85867,2015-06-23T21:43:16+0000
1435096394,49.61986,-124.85861,2015-06-23T21:53:14+0000
1435096992,49.61979,-124.85863,2015-06-23T22:03:12+0000
1435106635,49.61856,-124.86046,2015-06-24T00:43:55+0000
1435107159,49.61666,-124.86534,2015-06-24T00:52:39+0000
1435107758,49.61892,-124.8734,2015-06-24T01:02:38+0000
1435108354,49.61966,-124.88324,2015-06-24T01:12:34+0000
1435108956,49.62294,-124.89317,2015-06-24T01:22:36+0000
1435109551,49.63086,-124.8947,2015-06-24T01:32:31+0000
1435110208,49.64175,-124.89951,2015-06-24T01:43:28+0000
1435110738,49.65046,-124.91502,2015-06-24T01:52:18+0000
1435111336,49.65669,-124.93588,2015-06-24T02:02:16+0000
1435111931,49.66144,-124.93405,2015-06-24T02:12:11+0000
1435112526,49.66551,-124.92209,2015-06-24T02:22:06+0000
1435338931,49.66836,-124.93188,2015-06-26T17:15:31+0000
1435339481,49.66906,-124.92534,2015-06-26T17:24:41+0000
1435340077,49.66922,-124.92581,2015-06-26T17:34:37+0000
1435340669,49.66923,-124.92581,2015-06-26T17:44:29+0000
1435341301,49.66916,-124.92589,2015-06-26T17:55:01+0000
1435341863,49.66158,-124.92769,2015-06-26T18:04:23+0000
1435342501,49.65328,-124.91559,2015-06-26T18:15:01+0000
1435343060,49.64907,-124.8997,2015-06-26T18:24:20+0000
1435343661,49.64621,-124.88223,2015-06-26T18:34:21+0000
1435344257,49.6509,-124.86798,2015-06-26T18:44:17+0000
1435344855,49.65148,-124.85744,2015-06-26T18:54:15+0000
1435345453,49.64625,-124.84381,2015-06-26T19:04:13+0000
1435346189,49.63688,-124.82831,2015-06-26T19:16:29+0000
1435346880,49.62963,-124.81613,2015-06-26T19:28:00+0000
1435347479,49.62399,-124.80579,2015-06-26T19:37:59+0000
1435347958,49.61938,-124.79799,2015-06-26T19:45:58+0000
1435348443,49.61472,-124.79021,2015-06-26T19:54:03+0000
1435349035,49.61006,-124.78009,2015-06-26T20:03:55+0000
1435349632,49.60607,-124.771,2015-06-26T20:13:52+0000
1435350246,49.60305,-124.75891,2015-06-26T20:24:06+0000
1435350815,49.59978,-124.74792,2015-06-26T20:33:35+0000
1435351408,49.59581,-124.73723,2015-06-26T20:43:28+0000
1435352004,49.59339,-124.72752,2015-06-26T20:53:24+0000
1435352599,49.59184,-124.71832,2015-06-26T21:03:19+0000
1435353197,49.59091,-124.7095,2015-06-26T21:13:17+0000
1435353905,49.58965,-124.69946,2015-06-26T21:25:05+0000
1435354387,49.58894,-124.69307,2015-06-26T21:33:07+0000
1435354979,49.58827,-124.68465,2015-06-26T21:42:59+0000
1435355574,49.58759,-124.67674,2015-06-26T21:52:54+0000
1435356173,49.58524,-124.66588,2015-06-26T22:02:53+0000
1435356766,49.57752,-124.64946,2015-06-26T22:12:46+0000
1435357363,49.56757,-124.63571,2015-06-26T22:22:43+0000
1435357956,49.55568,-124.6186,2015-06-26T22:32:36+0000
1435358560,49.54759,-124.60567,2015-06-26T22:42:40+0000
1435359156,49.53757,-124.59019,2015-06-26T22:52:36+0000
1435359750,49.52797,-124.57635,2015-06-26T23:02:30+0000
1435360345,49.51664,-124.56648,2015-06-26T23:12:25+0000
1435360940,49.5093,-124.57472,2015-06-26T23:22:20+0000
1435361555,49.51064,-124.59607,2015-06-26T23:32:35+0000
1435362125,49.51523,-124.61472,2015-06-26T23:42:05+0000
1435362720,49.52342,-124.62907,2015-06-26T23:52:00+0000
1435363275,49.52469,-124.63017,2015-06-27T00:01:15+0000
1435423343,49.52416,-124.62964,2015-06-27T16:42:23+0000
1435423904,49.52437,-124.62979,2015-06-27T16:51:44+0000
1435424554,49.52212,-124.62667,2015-06-27T17:02:34+0000
1435425154,49.51804,-124.61963,2015-06-27T17:12:34+0000
1435425691,49.51471,-124.61201,2015-06-27T17:21:31+0000
1435426285,49.51196,-124.60091,2015-06-27T17:31:25+0000
1435426921,49.50999,-124.58786,2015-06-27T17:42:01+0000
1435427475,49.50627,-124.57375,2015-06-27T17:51:15+0000
1435428071,49.5028,-124.55949,2015-06-27T18:01:11+0000
1435428673,49.49789,-124.54193,2015-06-27T18:11:13+0000
1435429271,49.49193,-124.52748,2015-06-27T18:21:11+0000
1435429865,49.48607,-124.51414,2015-06-27T18:31:05+0000
1435430555,49.48111,-124.4987,2015-06-27T18:42:35+0000
1435431059,49.4772,-124.48572,2015-06-27T18:50:59+0000
1435431656,49.47295,-124.47231,2015-06-27T19:00:56+0000
1435432258,49.47027,-124.46211,2015-06-27T19:10:58+0000
1435432858,49.47151,-124.45224,2015-06-27T19:20:58+0000
1435433449,49.4743,-124.44145,2015-06-27T19:30:49+0000
1435434095,49.47817,-124.42802,2015-06-27T19:41:35+0000
1435434665,49.4824,-124.41226,2015-06-27T19:51:05+0000
1435435293,49.4844,-124.39693,2015-06-27T20:01:33+0000
1435435835,49.48566,-124.38625,2015-06-27T20:10:35+0000
1435436429,49.48631,-124.37776,2015-06-27T20:20:29+0000
1435437024,49.48902,-124.36586,2015-06-27T20:30:24+0000
1435437655,49.49687,-124.35721,2015-06-27T20:40:55+0000
1435438253,49.49807,-124.35609,2015-06-27T20:50:53+0000
1435499286,49.49652,-124.35762,2015-06-28T13:48:06+0000
1435500052,49.48436,-124.37279,2015-06-28T14:00:52+0000
1435500440,49.47701,-124.37451,2015-06-28T14:07:20+0000
1435501144,49.46629,-124.36249,2015-06-28T14:19:04+0000
1435501625,49.45872,-124.35386,2015-06-28T14:27:05+0000
1435502225,49.45014,-124.34416,2015-06-28T14:37:05+0000
1435502903,49.43951,-124.33176,2015-06-28T14:48:23+0000
1435503414,49.43124,-124.3212,2015-06-28T14:56:54+0000
1435504007,49.42317,-124.30971,2015-06-28T15:06:47+0000
1435504655,49.41267,-124.2943,2015-06-28T15:17:35+0000
1435505194,49.40446,-124.28094,2015-06-28T15:26:34+0000
1435505793,49.39543,-124.26625,2015-06-28T15:36:33+0000
1435506419,49.38624,-124.24973,2015-06-28T15:46:59+0000
1435506982,49.37863,-124.23619,2015-06-28T15:56:22+0000
1435507578,49.36984,-124.22185,2015-06-28T16:06:18+0000
1435508173,49.36349,-124.20721,2015-06-28T16:16:13+0000
1435508769,49.3644,-124.18855,2015-06-28T16:26:09+0000
1435509368,49.36729,-124.17097,2015-06-28T16:36:08+0000
1435509997,49.37006,-124.15186,2015-06-28T16:46:37+0000
1435510584,49.3721,-124.13441,2015-06-28T16:56:24+0000
1435511145,49.3735,-124.11655,2015-06-28T17:05:45+0000
1435511743,49.36955,-124.10065,2015-06-28T17:15:43+0000
1435512336,49.36235,-124.08682,2015-06-28T17:25:36+0000
1435513013,49.35321,-124.07128,2015-06-28T17:36:53+0000
1435513613,49.34111,-124.0524,2015-06-28T17:46:53+0000
1435514123,49.33196,-124.03917,2015-06-28T17:55:23+0000
1435514722,49.32194,-124.02385,2015-06-28T18:05:22+0000
1435515318,49.31173,-124.00867,2015-06-28T18:15:18+0000
1435515908,49.30172,-123.99478,2015-06-28T18:25:08+0000
1435516589,49.29128,-123.98021,2015-06-28T18:36:29+0000
1435517189,49.27999,-123.9639,2015-06-28T18:46:29+0000
1435517693,49.27126,-123.95319,2015-06-28T18:54:53+0000
1435518290,49.25854,-123.94397,2015-06-28T19:04:50+0000
1435518995,49.23906,-123.93808,2015-06-28T19:16:35+0000
1435519484,49.22613,-123.93382,2015-06-28T19:24:44+0000
1435520081,49.21138,-123.93198,2015-06-28T19:34:41+0000
1435520729,49.20443,-123.94676,2015-06-28T19:45:29+0000
1435521267,49.19352,-123.94823,2015-06-28T19:54:27+0000
1435521867,49.18335,-123.94342,2015-06-28T20:04:27+0000
1435522467,49.17515,-123.93535,2015-06-28T20:14:27+0000
1435522992,49.17779,-123.93201,2015-06-28T20:23:12+0000
1435613285,49.1774,-123.93219,2015-06-29T21:28:05+0000
1435613837,49.17393,-123.93263,2015-06-29T21:37:17+0000
1435614428,49.16795,-123.92087,2015-06-29T21:47:08+0000
1435615021,49.16682,-123.90741,2015-06-29T21:57:01+0000
1435615618,49.16901,-123.89615,2015-06-29T22:06:58+0000
1435616214,49.1653,-123.88728,2015-06-29T22:16:54+0000
1435616856,49.15962,-123.87862,2015-06-29T22:27:36+0000
1435617408,49.15191,-123.86377,2015-06-29T22:36:48+0000
1435618003,49.14658,-123.84564,2015-06-29T22:46:43+0000
1435618595,49.1409,-123.82738,2015-06-29T22:56:35+0000
1435619194,49.13184,-123.81329,2015-06-29T23:06:34+0000
1435620017,49.1195,-123.79367,2015-06-29T23:20:17+0000
1435620453,49.11398,-123.78308,2015-06-29T23:27:33+0000
1435620981,49.10777,-123.77075,2015-06-29T23:36:21+0000
1435621581,49.10059,-123.75687,2015-06-29T23:46:21+0000
1435622177,49.09324,-123.74377,2015-06-29T23:56:17+0000
1435622773,49.09098,-123.72781,2015-06-30T00:06:13+0000
1435623342,49.09221,-123.72639,2015-06-30T00:15:42+0000
1435672559,49.08723,-123.72437,2015-06-30T13:55:59+0000
1435673114,49.07619,-123.71941,2015-06-30T14:05:14+0000
1435673708,49.06543,-123.71146,2015-06-30T14:15:08+0000
1435674298,49.05603,-123.70044,2015-06-30T14:24:58+0000
1435674895,49.04689,-123.68915,2015-06-30T14:34:55+0000
1435675487,49.03918,-123.67648,2015-06-30T14:44:47+0000
1435676106,49.03179,-123.66245,2015-06-30T14:55:06+0000
1435676705,49.02389,-123.64883,2015-06-30T15:05:05+0000
1435677277,49.01722,-123.63707,2015-06-30T15:14:37+0000
1435677873,49.01135,-123.62454,2015-06-30T15:24:33+0000
1435678468,49.00249,-123.61504,2015-06-30T15:34:28+0000
1435679062,48.9957,-123.60332,2015-06-30T15:44:22+0000
1435679722,48.98269,-123.58746,2015-06-30T15:55:22+0000
1435680257,48.97325,-123.57391,2015-06-30T16:04:17+0000
1435680854,48.9621,-123.558,2015-06-30T16:14:14+0000
1435681453,48.95088,-123.54538,2015-06-30T16:24:13+0000
1435682048,48.93934,-123.53207,2015-06-30T16:34:08+0000
1435682640,48.92797,-123.51875,2015-06-30T16:44:00+0000
1435683304,48.91869,-123.50165,2015-06-30T16:55:04+0000
1435683831,48.90994,-123.48996,2015-06-30T17:03:51+0000
1435684430,48.89973,-123.47778,2015-06-30T17:13:50+0000
1435685022,48.88988,-123.4651,2015-06-30T17:23:42+0000
1435685617,48.88064,-123.45247,2015-06-30T17:33:37+0000
1435686214,48.87167,-123.44067,2015-06-30T17:43:34+0000
1435686897,48.86189,-123.43114,2015-06-30T17:54:57+0000
1435687400,48.85463,-123.42332,2015-06-30T18:03:20+0000
1435688000,48.84539,-123.41586,2015-06-30T18:13:20+0000
1435688595,48.83884,-123.41608,2015-06-30T18:23:15+0000
1435689192,48.83416,-123.42792,2015-06-30T18:33:12+0000
1435689790,48.83317,-123.44215,2015-06-30T18:43:10+0000
1435690416,48.83557,-123.45425,2015-06-30T18:53:36+0000
1435690980,48.83973,-123.46704,2015-06-30T19:03:00+0000
1435691575,48.84811,-123.48421,2015-06-30T19:12:55+0000
1435692169,48.85649,-123.49628,2015-06-30T19:22:49+0000
1435692765,48.85783,-123.49783,2015-06-30T19:32:45+0000
1435693411,48.85783,-123.49773,2015-06-30T19:43:31+0000
1435693506,48.85781,-123.49768,2015-06-30T19:45:06+0000
1435788247,48.85696,-123.49664,2015-07-01T22:04:07+0000
1435788790,48.85257,-123.48634,2015-07-01T22:13:10+0000
1435789389,48.84731,-123.47766,2015-07-01T22:23:09+0000
1435789986,48.84196,-123.46878,2015-07-01T22:33:06+0000
1435790582,48.83825,-123.46088,2015-07-01T22:43:02+0000
1435791179,48.83362,-123.44772,2015-07-01T22:52:59+0000
1435791773,48.82855,-123.43517,2015-07-01T23:02:53+0000
1435792373,48.82555,-123.42882,2015-07-01T23:12:53+0000
1435792970,48.82726,-123.42036,2015-07-01T23:22:50+0000
1435793607,48.8279,-123.40696,2015-07-01T23:33:27+0000
1435794207,48.82279,-123.39726,2015-07-01T23:43:27+0000
1435794755,48.81828,-123.38992,2015-07-01T23:52:35+0000
1435795386,48.80998,-123.38335,2015-07-02T00:03:06+0000
1435795949,48.80406,-123.38,2015-07-02T00:12:29+0000
1435796544,48.79865,-123.37619,2015-07-02T00:22:24+0000
1435797134,48.79177,-123.37016,2015-07-02T00:32:14+0000
1435797730,48.7835,-123.36198,2015-07-02T00:42:10+0000
1435798322,48.77348,-123.35149,2015-07-02T00:52:02+0000
1435798978,48.76494,-123.33401,2015-07-02T01:02:58+0000
1435799499,48.76346,-123.32645,2015-07-02T01:11:39+0000
1435800099,48.7593,-123.32233,2015-07-02T01:21:39+0000
1435800692,48.75197,-123.31859,2015-07-02T01:31:32+0000
1435801289,48.75232,-123.30673,2015-07-02T01:41:29+0000
1435801882,48.74601,-123.29524,2015-07-02T01:51:22+0000
1435802521,48.7361,-123.27351,2015-07-02T02:02:01+0000
1435803075,48.73122,-123.25148,2015-07-02T02:11:15+0000
1435803671,48.73254,-123.2271,2015-07-02T02:21:11+0000
1435804264,48.74238,-123.231,2015-07-02T02:31:04+0000
1435804860,48.75198,-123.23523,2015-07-02T02:41:00+0000
1435805167,48.75251,-123.23627,2015-07-02T02:46:07+0000
1435841674,48.75201,-123.23524,2015-07-02T12:54:34+0000
1435842227,48.74286,-123.23004,2015-07-02T13:03:47+0000
1435842875,48.73553,-123.21852,2015-07-02T13:14:35+0000
1435843422,48.733,-123.21419,2015-07-02T13:23:42+0000
1435844019,48.72739,-123.20421,2015-07-02T13:33:39+0000
1435844842,48.71999,-123.18791,2015-07-02T13:47:22+0000
1435845329,48.71701,-123.1777,2015-07-02T13:55:29+0000
1435845808,48.71372,-123.1671,2015-07-02T14:03:28+0000
1435846402,48.7062,-123.15605,2015-07-02T14:13:22+0000
1435846996,48.69797,-123.14812,2015-07-02T14:23:16+0000
1435847593,48.69429,-123.13483,2015-07-02T14:33:13+0000
1435848183,48.68731,-123.12599,2015-07-02T14:43:03+0000
1435848781,48.67826,-123.11824,2015-07-02T14:53:01+0000
1435849500,48.67073,-123.10196,2015-07-02T15:05:00+0000
1435849970,48.66632,-123.0921,2015-07-02T15:12:50+0000
1435850566,48.65846,-123.08807,2015-07-02T15:22:46+0000
1435851165,48.65562,-123.08452,2015-07-02T15:32:45+0000
1435851757,48.65364,-123.08063,2015-07-02T15:42:37+0000
1435852353,48.64439,-123.08998,2015-07-02T15:52:33+0000
1435852947,48.63223,-123.09146,2015-07-02T16:02:27+0000
1435853540,48.62231,-123.08854,2015-07-02T16:12:20+0000
1435854140,48.61519,-123.08597,2015-07-02T16:22:20+0000
1435854738,48.6049,-123.07869,2015-07-02T16:32:18+0000
1435855336,48.59834,-123.05797,2015-07-02T16:42:16+0000
1435855934,48.5902,-123.04282,2015-07-02T16:52:14+0000
1435856531,48.58258,-123.03445,2015-07-02T17:02:11+0000
1435857158,48.57476,-123.02254,2015-07-02T17:12:38+0000
1435857755,48.56796,-123.01254,2015-07-02T17:22:35+0000
1435858321,48.55767,-122.99965,2015-07-02T17:32:01+0000
1435858917,48.5425,-123.00558,2015-07-02T17:41:57+0000
1435859516,48.53911,-123.01437,2015-07-02T17:51:56+0000
1435860177,48.53944,-123.01675,2015-07-02T18:02:57+0000
1435860609,48.53911,-123.0166,2015-07-02T18:10:09+0000
1436231377,48.61944,-123.04736,2015-07-07T01:09:37+0000
1436377348,48.62166,-123.04298,2015-07-08T17:42:28+0000
1436377926,48.61242,-123.03246,2015-07-08T17:52:06+0000
1436378485,48.60864,-123.01772,2015-07-08T18:01:25+0000
1436379080,48.60548,-122.99924,2015-07-08T18:11:20+0000
1436379675,48.59855,-122.98398,2015-07-08T18:21:15+0000
1436380271,48.5965,-122.96611,2015-07-08T18:31:11+0000
1436380867,48.59574,-122.94823,2015-07-08T18:41:07+0000
1436386343,48.59454,-122.94408,2015-07-08T20:12:23+0000
1436386893,48.58589,-122.93544,2015-07-08T20:21:33+0000
1436387488,48.58401,-122.93703,2015-07-08T20:31:28+0000
1436388088,48.58397,-122.93703,2015-07-08T20:41:28+0000
1436388444,48.58401,-122.93707,2015-07-08T20:47:24+0000
1436459977,48.58421,-122.93674,2015-07-09T16:39:37+0000
1436460546,48.58419,-122.93678,2015-07-09T16:49:06+0000
1436461121,48.58419,-122.93681,2015-07-09T16:58:41+0000
1436461715,48.58887,-122.93758,2015-07-09T17:08:35+0000
1436462311,48.59359,-122.94568,2015-07-09T17:18:31+0000
1436462941,48.59868,-122.95328,2015-07-09T17:29:01+0000
1436463562,48.59719,-122.96542,2015-07-09T17:39:22+0000
1436464093,48.59373,-122.97641,2015-07-09T17:48:13+0000
1436464689,48.59044,-122.99858,2015-07-09T17:58:09+0000
1436465285,48.58505,-123.02003,2015-07-09T18:08:05+0000
1436465881,48.57414,-123.02943,2015-07-09T18:18:01+0000
1436466477,48.56547,-123.03049,2015-07-09T18:27:57+0000
1436467113,48.57182,-123.01593,2015-07-09T18:38:33+0000
1436467671,48.57362,-123.00572,2015-07-09T18:47:51+0000
1436468269,48.56718,-123.01083,2015-07-09T18:57:49+0000
1436468866,48.56187,-123.01031,2015-07-09T19:07:46+0000
1436469465,48.56644,-123.00049,2015-07-09T19:17:45+0000
1436470064,48.56266,-122.99771,2015-07-09T19:27:44+0000
1436470714,48.55758,-123.00572,2015-07-09T19:38:34+0000
1436471258,48.54787,-123.00377,2015-07-09T19:47:38+0000
1436622450,48.53917,-123.01712,2015-07-11T13:47:30+0000
1436623007,48.54098,-123.01297,2015-07-11T13:56:47+0000
1436623604,48.54253,-122.99803,2015-07-11T14:06:44+0000
1436624199,48.53899,-122.97394,2015-07-11T14:16:39+0000
1436624795,48.52979,-122.95729,2015-07-11T14:26:35+0000
1436625392,48.51673,-122.95714,2015-07-11T14:36:32+0000
1436626045,48.50211,-122.95772,2015-07-11T14:47:25+0000
1436626584,48.48787,-122.95831,2015-07-11T14:56:24+0000
1436627180,48.47205,-122.9565,2015-07-11T15:06:20+0000
1436627776,48.46027,-122.95052,2015-07-11T15:16:16+0000
1436628368,48.4478,-122.94663,2015-07-11T15:26:08+0000
1436628968,48.43763,-122.94414,2015-07-11T15:36:08+0000
1436629595,48.42695,-122.93898,2015-07-11T15:46:35+0000
1436630160,48.41664,-122.93437,2015-07-11T15:56:00+0000
1436630751,48.40708,-122.92924,2015-07-11T16:05:51+0000
1436631346,48.40522,-122.92519,2015-07-11T16:15:46+0000
1436631951,48.40572,-122.91974,2015-07-11T16:25:51+0000
1436632541,48.40496,-122.91197,2015-07-11T16:35:41+0000
1436633165,48.40549,-122.91043,2015-07-11T16:46:05+0000
1436633730,48.40691,-122.91081,2015-07-11T16:55:30+0000
1436638071,48.41954,-122.79968,2015-07-11T18:07:51+0000
1436638600,48.43179,-122.79915,2015-07-11T18:16:40+0000
1436639189,48.43261,-122.80872,2015-07-11T18:26:29+0000
1436639789,48.43222,-122.81172,2015-07-11T18:36:29+0000
1436640382,48.43236,-122.81174,2015-07-11T18:46:22+0000
1436720375,48.4323,-122.81161,2015-07-12T16:59:35+0000
1436721169,48.43341,-122.80809,2015-07-12T17:12:49+0000
1436721592,48.43577,-122.80392,2015-07-12T17:19:52+0000
1436722132,48.44347,-122.79123,2015-07-12T17:28:52+0000
1436722822,48.45266,-122.7719,2015-07-12T17:40:22+0000
1436723319,48.45933,-122.76218,2015-07-12T17:48:39+0000
1436723947,48.46769,-122.74915,2015-07-12T17:59:07+0000
1436724510,48.46968,-122.72986,2015-07-12T18:08:30+0000
1436725105,48.4723,-122.71037,2015-07-12T18:18:25+0000
1436725700,48.47196,-122.70219,2015-07-12T18:28:20+0000
1436726296,48.47564,-122.68966,2015-07-12T18:38:16+0000
1436726896,48.48238,-122.68872,2015-07-12T18:48:16+0000
1436751427,48.4827,-122.68864,2015-07-13T01:37:07+0000
1436751977,48.47938,-122.68558,2015-07-13T01:46:17+0000
1436752572,48.46726,-122.68405,2015-07-13T01:56:12+0000
1436753168,48.45473,-122.6825,2015-07-13T02:06:08+0000
1436753766,48.44234,-122.68163,2015-07-13T02:16:06+0000
1436754484,48.42914,-122.68085,2015-07-13T02:28:04+0000
1436755084,48.41506,-122.67313,2015-07-13T02:38:04+0000
1436755544,48.40929,-122.66605,2015-07-13T02:45:44+0000
1436756135,48.40589,-122.65349,2015-07-13T02:55:35+0000
1436756727,48.40589,-122.63852,2015-07-13T03:05:27+0000
1436757319,48.40358,-122.62338,2015-07-13T03:15:19+0000
1436757910,48.40099,-122.62511,2015-07-13T03:25:10+0000
1436758006,48.40102,-122.62515,2015-07-13T03:26:46+0000
1436914021,48.40309,-122.62433,2015-07-14T22:47:01+0000
1436914546,48.40564,-122.63545,2015-07-14T22:55:46+0000
1436915139,48.4065,-122.65427,2015-07-14T23:05:39+0000
1436915733,48.41639,-122.66341,2015-07-14T23:15:33+0000
1436916326,48.41658,-122.66327,2015-07-14T23:25:26+0000
1437077544,48.41649,-122.66313,2015-07-16T20:12:24+0000
1437078072,48.41496,-122.66873,2015-07-16T20:21:12+0000
1437078670,48.42203,-122.68564,2015-07-16T20:31:10+0000
1437079267,48.4314,-122.70328,2015-07-16T20:41:07+0000
1437079864,48.44202,-122.7204,2015-07-16T20:51:04+0000
1437080460,48.45524,-122.73164,2015-07-16T21:01:00+0000
1437081097,48.46999,-122.73793,2015-07-16T21:11:37+0000
1437081879,48.48945,-122.74429,2015-07-16T21:24:39+0000
1437082312,48.50061,-122.74788,2015-07-16T21:31:52+0000
1437082847,48.51509,-122.75763,2015-07-16T21:40:47+0000
1437083444,48.52813,-122.77522,2015-07-16T21:50:44+0000
1437084041,48.52959,-122.79904,2015-07-16T22:00:41+0000
1437084690,48.53495,-122.82086,2015-07-16T22:11:30+0000
1437085235,48.54459,-122.83255,2015-07-16T22:20:35+0000
1437085860,48.55781,-122.84305,2015-07-16T22:31:00+0000
1437086423,48.56813,-122.85461,2015-07-16T22:40:23+0000
1437087019,48.57419,-122.87326,2015-07-16T22:50:19+0000
1437087607,48.57452,-122.88899,2015-07-16T23:00:07+0000
1437088292,48.5648,-122.90266,2015-07-16T23:11:32+0000
1437088807,48.55748,-122.91405,2015-07-16T23:20:07+0000
1437089435,48.54784,-122.92502,2015-07-16T23:30:35+0000
1437089998,48.53625,-122.92624,2015-07-16T23:39:58+0000
1437090597,48.52434,-122.91762,2015-07-16T23:49:57+0000
1437091192,48.51478,-122.91541,2015-07-16T23:59:52+0000
1437167584,48.51191,-122.91843,2015-07-17T21:13:04+0000
1437168146,48.51492,-122.91579,2015-07-17T21:22:26+0000
1437168740,48.52228,-122.91682,2015-07-17T21:32:20+0000
1437169337,48.53263,-122.92433,2015-07-17T21:42:17+0000
1437170105,48.54819,-122.93126,2015-07-17T21:55:05+0000
1437170535,48.5564,-122.93317,2015-07-17T22:02:15+0000
1437171155,48.55766,-122.93262,2015-07-17T22:12:35+0000
1437171725,48.54993,-122.9366,2015-07-17T22:22:05+0000
1437172322,48.54391,-122.9406,2015-07-17T22:32:02+0000
1437172919,48.53876,-122.95435,2015-07-17T22:41:59+0000
1437173514,48.5429,-122.97753,2015-07-17T22:51:54+0000
1437174114,48.54226,-122.99847,2015-07-17T23:01:54+0000
1437174787,48.54023,-123.0125,2015-07-17T23:13:07+0000
1437175312,48.53691,-123.01454,2015-07-17T23:21:52+0000
1437175927,48.53944,-123.01424,2015-07-17T23:32:07+0000
1437186038,48.54206,-122.99004,2015-07-18T02:20:38+0000
1437186597,48.54144,-122.97147,2015-07-18T02:29:57+0000
1437187190,48.54392,-122.95572,2015-07-18T02:39:50+0000
1437187786,48.54824,-122.93881,2015-07-18T02:49:46+0000
1437188385,48.55919,-122.93143,2015-07-18T02:59:45+0000
1437188983,48.56229,-122.9332,2015-07-18T03:09:43+0000
1437189606,48.56211,-122.93332,2015-07-18T03:20:06+0000
1437190169,48.56211,-122.93294,2015-07-18T03:29:29+0000
1437516149,48.53917,-123.01707,2015-07-21T22:02:29+0000
1437516713,48.53914,-123.01704,2015-07-21T22:11:53+0000
1437517310,48.54036,-123.0127,2015-07-21T22:21:50+0000
1437517906,48.54297,-122.99481,2015-07-21T22:31:46+0000
1437518503,48.53973,-122.97589,2015-07-21T22:41:43+0000
1437519108,48.53902,-122.95909,2015-07-21T22:51:48+0000
1437519785,48.54295,-122.94435,2015-07-21T23:03:05+0000
1437520300,48.5478,-122.93478,2015-07-21T23:11:40+0000
1437520898,48.55624,-122.92017,2015-07-21T23:21:38+0000
1437521496,48.56487,-122.90553,2015-07-21T23:31:36+0000
1437522093,48.57078,-122.89575,2015-07-21T23:41:33+0000
1437522691,48.57524,-122.88434,2015-07-21T23:51:31+0000
1437523318,48.57794,-122.86987,2015-07-22T00:01:58+0000
1437523885,48.58042,-122.85921,2015-07-22T00:11:25+0000
1437524486,48.58223,-122.84531,2015-07-22T00:21:26+0000
1437525078,48.58403,-122.83252,2015-07-22T00:31:18+0000
1437525675,48.58736,-122.81744,2015-07-22T00:41:15+0000
1437526271,48.59227,-122.79863,2015-07-22T00:51:11+0000
1437526920,48.59472,-122.77797,2015-07-22T01:02:00+0000
1437527470,48.6004,-122.75818,2015-07-22T01:11:10+0000
1437528143,48.60003,-122.73219,2015-07-22T01:22:23+0000
1437528736,48.60269,-122.72737,2015-07-22T01:32:16+0000
1437529257,48.61016,-122.71294,2015-07-22T01:40:57+0000
1437529987,48.60462,-122.7027,2015-07-22T01:53:07+0000
1437530521,48.60787,-122.70996,2015-07-22T02:02:01+0000
1437531044,48.60762,-122.71019,2015-07-22T02:10:44+0000
1437531330,48.60756,-122.71043,2015-07-22T02:15:30+0000
1437610057,48.60114,-122.68839,2015-07-23T00:07:37+0000
1437610592,48.59863,-122.6739,2015-07-23T00:16:32+0000
1437611187,48.59589,-122.65756,2015-07-23T00:26:27+0000
1437611785,48.59327,-122.63947,2015-07-23T00:36:25+0000
1437612381,48.5856,-122.62576,2015-07-23T00:46:21+0000
1437612977,48.57687,-122.61612,2015-07-23T00:56:17+0000
1437613612,48.56874,-122.60056,2015-07-23T01:06:52+0000
1437614166,48.5604,-122.58771,2015-07-23T01:16:06+0000
1437614762,48.54993,-122.57858,2015-07-23T01:26:02+0000
1437615358,48.53957,-122.57303,2015-07-23T01:35:58+0000
1437615954,48.52859,-122.57066,2015-07-23T01:45:54+0000
1437616553,48.51853,-122.58008,2015-07-23T01:55:53+0000
1437617185,48.51069,-122.59518,2015-07-23T02:06:25+0000
1437617742,48.50995,-122.60234,2015-07-23T02:15:42+0000
1437700560,48.51511,-122.58691,2015-07-24T01:16:00+0000
1437701110,48.52216,-122.58008,2015-07-24T01:25:10+0000
1437701705,48.52888,-122.56934,2015-07-24T01:35:05+0000
1437702301,48.53688,-122.561,2015-07-24T01:45:01+0000
1437702896,48.53769,-122.55528,2015-07-24T01:54:56+0000
1437758603,48.53922,-122.55753,2015-07-24T17:23:23+0000
1437759131,48.53175,-122.56754,2015-07-24T17:32:11+0000
1437759727,48.52118,-122.57784,2015-07-24T17:42:07+0000
1437760324,48.51273,-122.59506,2015-07-24T17:52:04+0000
1437760920,48.51441,-122.60802,2015-07-24T18:02:00+0000
1437770045,48.51496,-122.60817,2015-07-24T20:34:05+0000
1437770599,48.51383,-122.60571,2015-07-24T20:43:19+0000
1437771199,48.51306,-122.59558,2015-07-24T20:53:19+0000
1437771795,48.52608,-122.60159,2015-07-24T21:03:15+0000
1437772391,48.52625,-122.62357,2015-07-24T21:13:11+0000
1437772991,48.52337,-122.63971,2015-07-24T21:23:11+0000
1437773619,48.52046,-122.6642,2015-07-24T21:33:39+0000
1437774201,48.51738,-122.68471,2015-07-24T21:43:21+0000
1437774787,48.51569,-122.70668,2015-07-24T21:53:07+0000
1437775380,48.51152,-122.72823,2015-07-24T22:03:00+0000
1437775969,48.50591,-122.74818,2015-07-24T22:12:49+0000
1437776639,48.49678,-122.76894,2015-07-24T22:23:59+0000
1437777210,48.48954,-122.78601,2015-07-24T22:33:30+0000
1437777755,48.48373,-122.80307,2015-07-24T22:42:35+0000
1437778347,48.47937,-122.8202,2015-07-24T22:52:27+0000
1437778947,48.48478,-122.8214,2015-07-24T23:02:27+0000
1437779543,48.48535,-122.82387,2015-07-24T23:12:23+0000
1437780139,48.48436,-122.82382,2015-07-24T23:22:19+0000
1437841295,48.48453,-122.83743,2015-07-25T16:21:35+0000
1437841859,48.49657,-122.8429,2015-07-25T16:30:59+0000
1437842451,48.51013,-122.84474,2015-07-25T16:40:51+0000
1437843045,48.52349,-122.8432,2015-07-25T16:50:45+0000
1437843643,48.53666,-122.84151,2015-07-25T17:00:43+0000
1437844237,48.54873,-122.8457,2015-07-25T17:10:37+0000
1437844865,48.55949,-122.858,2015-07-25T17:21:05+0000
1437845432,48.56809,-122.8714,2015-07-25T17:30:32+0000
1437846028,48.5674,-122.87927,2015-07-25T17:40:28+0000
1437846624,48.56761,-122.87923,2015-07-25T17:50:24+0000
1437847219,48.56767,-122.87939,2015-07-25T18:00:19+0000
1437854130,48.48396,-122.82333,2015-07-25T19:55:30+0000
1437854636,48.48384,-122.82343,2015-07-25T20:03:56+0000
1437855236,48.48388,-122.82352,2015-07-25T20:13:56+0000
1437932497,48.48437,-122.8232,2015-07-26T17:41:37+0000
1437933045,48.48011,-122.82579,2015-07-26T17:50:45+0000
1437933695,48.4772,-122.81427,2015-07-26T18:01:35+0000
1437934238,48.47083,-122.80769,2015-07-26T18:10:38+0000
1437934837,48.46352,-122.79865,2015-07-26T18:20:37+0000
1437935431,48.46034,-122.79486,2015-07-26T18:30:31+0000
1437936068,48.45751,-122.78781,2015-07-26T18:41:08+0000
1437936626,48.45277,-122.77979,2015-07-26T18:50:26+0000
1437937222,48.44847,-122.76822,2015-07-26T19:00:22+0000
1437937818,48.44424,-122.75595,2015-07-26T19:10:18+0000
1437938417,48.43983,-122.74059,2015-07-26T19:20:17+0000
1437939010,48.43378,-122.72478,2015-07-26T19:30:10+0000
1437939637,48.42776,-122.70724,2015-07-26T19:40:37+0000
1437940206,48.42144,-122.69473,2015-07-26T19:50:06+0000
1437940865,48.41486,-122.67725,2015-07-26T20:01:05+0000
1437941393,48.40905,-122.66252,2015-07-26T20:09:53+0000
1437941981,48.40605,-122.64561,2015-07-26T20:19:41+0000
1437942581,48.40571,-122.62965,2015-07-26T20:29:41+0000
1438102715,48.40151,-122.6246,2015-07-28T16:58:35+0000
1438103269,48.40547,-122.62132,2015-07-28T17:07:49+0000
1438103864,48.41249,-122.60114,2015-07-28T17:17:44+0000
1438104457,48.40482,-122.58528,2015-07-28T17:27:37+0000
1438105057,48.38868,-122.5773,2015-07-28T17:37:37+0000
1438105651,48.37484,-122.5717,2015-07-28T17:47:31+0000
1438106285,48.35832,-122.55753,2015-07-28T17:58:05+0000
1438106849,48.34444,-122.54387,2015-07-28T18:07:29+0000
1438107441,48.33403,-122.52888,2015-07-28T18:17:21+0000
1438108040,48.32471,-122.51485,2015-07-28T18:27:20+0000
1438108632,48.31679,-122.5031,2015-07-28T18:37:12+0000
1438109231,48.30693,-122.49754,2015-07-28T18:47:11+0000
1438109878,48.29577,-122.49797,2015-07-28T18:57:58+0000
1438110415,48.2878,-122.50502,2015-07-28T19:06:55+0000
1438111009,48.28059,-122.51637,2015-07-28T19:16:49+0000
1438111606,48.2729,-122.52892,2015-07-28T19:26:46+0000
1438112199,48.26645,-122.54315,2015-07-28T19:36:39+0000
1438112825,48.26429,-122.56364,2015-07-28T19:47:05+0000
1438113424,48.26189,-122.58441,2015-07-28T19:57:04+0000
1438113981,48.25968,-122.60388,2015-07-28T20:06:21+0000
1438114578,48.25787,-122.62448,2015-07-28T20:16:18+0000
1438115173,48.26573,-122.63976,2015-07-28T20:26:13+0000
1438115771,48.27813,-122.64853,2015-07-28T20:36:11+0000
1438116372,48.28386,-122.63736,2015-07-28T20:46:12+0000
1441120476,48.2854,-122.63292,2015-09-01T15:14:36+0000
1441121032,48.28546,-122.633,2015-09-01T15:23:52+0000
1441121629,48.28281,-122.64404,2015-09-01T15:33:49+0000
1441122224,48.27014,-122.6447,2015-09-01T15:43:44+0000
1441122815,48.25767,-122.63194,2015-09-01T15:53:35+0000
1441123411,48.25517,-122.6104,2015-09-01T16:03:31+0000
1441124046,48.25811,-122.5867,2015-09-01T16:14:06+0000
1441124604,48.26106,-122.56668,2015-09-01T16:23:24+0000
1441125200,48.26553,-122.54572,2015-09-01T16:33:20+0000
1441125795,48.27182,-122.52898,2015-09-01T16:43:15+0000
1441126380,48.27779,-122.51194,2015-09-01T16:53:00+0000
1441126980,48.28899,-122.50198,2015-09-01T17:03:00+0000
1441127665,48.3028,-122.49443,2015-09-01T17:14:25+0000
1441128169,48.31385,-122.49989,2015-09-01T17:22:49+0000
1441128753,48.32436,-122.51463,2015-09-01T17:32:33+0000
1441129353,48.3359,-122.53111,2015-09-01T17:42:33+0000
1441129952,48.34794,-122.54817,2015-09-01T17:52:32+0000
1441130579,48.36306,-122.56204,2015-09-01T18:02:59+0000
1441131183,48.37805,-122.57372,2015-09-01T18:13:03+0000
1441131731,48.39399,-122.57968,2015-09-01T18:22:11+0000
1441132323,48.41062,-122.59122,2015-09-01T18:32:03+0000
1441132919,48.41234,-122.61502,2015-09-01T18:41:59+0000
1441133513,48.4062,-122.64124,2015-09-01T18:51:53+0000
1441134107,48.40392,-122.67107,2015-09-01T19:01:47+0000
1441134728,48.39924,-122.69746,2015-09-01T19:12:08+0000
1441135299,48.39606,-122.71973,2015-09-01T19:21:39+0000
1441135896,48.39628,-122.742,2015-09-01T19:31:36+0000
1441136492,48.39615,-122.76741,2015-09-01T19:41:32+0000
1441137089,48.39789,-122.7925,2015-09-01T19:51:29+0000
1441137687,48.39736,-122.81885,2015-09-01T20:01:27+0000
1441138379,48.40069,-122.8471,2015-09-01T20:12:59+0000
1441138979,48.41,-122.87251,2015-09-01T20:22:59+0000
1441139469,48.41653,-122.89128,2015-09-01T20:31:09+0000
1441140066,48.42485,-122.91455,2015-09-01T20:41:06+0000
1441140655,48.435,-122.93489,2015-09-01T20:50:55+0000
1441141255,48.44839,-122.94785,2015-09-01T21:00:55+0000
1441141885,48.46695,-122.95282,2015-09-01T21:11:25+0000
1441142449,48.48394,-122.95085,2015-09-01T21:20:49+0000
1441143043,48.49929,-122.94682,2015-09-01T21:30:43+0000
1441143642,48.51358,-122.94225,2015-09-01T21:40:42+0000
1441144239,48.52467,-122.92677,2015-09-01T21:50:39+0000
1441144835,48.51786,-122.91762,2015-09-01T22:00:35+0000
1441145467,48.51329,-122.91618,2015-09-01T22:11:07+0000
1441146027,48.5133,-122.91615,2015-09-01T22:20:27+0000
1441146620,48.51326,-122.91615,2015-09-01T22:30:20+0000
1441201673,48.51828,-122.91772,2015-09-02T13:47:53+0000
1441202271,48.52719,-122.92366,2015-09-02T13:57:51+0000
1441202868,48.5336,-122.9445,2015-09-02T14:07:48+0000
1441203465,48.54166,-122.96796,2015-09-02T14:17:45+0000
1441204063,48.54436,-122.99565,2015-09-02T14:27:43+0000
1441416871,48.54008,-123.0162,2015-09-05T01:34:31+0000
1441417414,48.54233,-123.00641,2015-09-05T01:43:34+0000
1441418012,48.54082,-122.98657,2015-09-05T01:53:32+0000
1441418610,48.53374,-122.97443,2015-09-05T02:03:30+0000
1442168435,47.14191,-123.8907,2015-09-13T18:20:35+0000
1442169021,47.01343,-123.91331,2015-09-13T18:30:21+0000
1442169621,46.9839,-123.88576,2015-09-13T18:40:21+0000
1442170266,46.97521,-123.8597,2015-09-13T18:51:06+0000
1442170801,46.98115,-123.76915,2015-09-13T19:00:01+0000
1442171401,46.97926,-123.60084,2015-09-13T19:10:01+0000
1442172001,46.99608,-123.59166,2015-09-13T19:20:01+0000
1442172601,46.98299,-123.60423,2015-09-13T19:30:01+0000
1442173194,46.99861,-123.4574,2015-09-13T19:39:54+0000
1442173859,47.03936,-123.32787,2015-09-13T19:50:59+0000
1442174410,46.95229,-123.32,2015-09-13T20:00:10+0000
1442175010,46.86981,-123.25116,2015-09-13T20:10:10+0000
1442175575,46.84068,-123.23722,2015-09-13T20:19:35+0000
1442176175,46.83467,-123.20392,2015-09-13T20:29:35+0000
1442176773,46.81097,-123.05803,2015-09-13T20:39:33+0000
1442177405,46.85415,-123.04078,2015-09-13T20:50:05+0000
1442178005,46.89981,-123.0352,2015-09-13T21:00:05+0000
1442178605,46.90311,-123.06198,2015-09-13T21:10:05+0000
1442179205,46.90556,-123.06505,2015-09-13T21:20:05+0000
1442187271,46.9034,-123.06415,2015-09-13T23:34:31+0000
1442187866,46.88756,-123.05404,2015-09-13T23:44:26+0000
1442188466,46.90794,-122.95439,2015-09-13T23:54:26+0000
1442593254,48.51266,-122.62117,2015-09-18T16:20:54+0000
1442593777,48.51427,-122.61317,2015-09-18T16:29:37+0000
1442594365,48.51361,-122.61275,2015-09-18T16:39:25+0000
1442594953,48.46039,-122.56311,2015-09-18T16:49:13+0000
1442595550,48.45123,-122.40831,2015-09-18T16:59:10+0000
1442596177,48.36637,-122.33604,2015-09-18T17:09:37+0000
1442596729,48.21499,-122.21876,2015-09-18T17:18:49+0000
1442597329,48.07204,-122.18503,2015-09-18T17:28:49+0000
1442597923,47.96474,-122.12781,2015-09-18T17:38:43+0000
1442598519,47.87262,-122.00826,2015-09-18T17:48:39+0000
1442599118,47.85551,-121.89507,2015-09-18T17:58:38+0000
1442599746,47.85862,-121.83141,2015-09-18T18:09:06+0000
1442602775,47.74773,-121.09891,2015-09-18T18:59:35+0000
1442680896,47.56121,-120.77603,2015-09-19T16:41:36+0000
1442692635,47.59848,-120.65564,2015-09-19T19:57:15+0000
1442693255,47.59853,-120.65559,2015-09-19T20:07:35+0000
1442693826,47.56316,-120.6003,2015-09-19T20:17:06+0000
1442694421,47.52533,-120.47511,2015-09-19T20:27:01+0000
1442696138,47.39344,-120.64261,2015-09-19T20:55:38+0000
1442696782,47.32908,-120.65851,2015-09-19T21:06:22+0000
1442696797,47.26151,-120.69614,2015-09-19T21:06:37+0000
1442697391,47.19641,-120.77579,2015-09-19T21:16:31+0000
1442697985,47.19476,-120.95833,2015-09-19T21:26:25+0000
1442698578,47.23148,-121.16748,2015-09-19T21:36:18+0000
1442699171,47.26966,-121.23109,2015-09-19T21:46:11+0000
1442699771,47.3697,-121.37374,2015-09-19T21:56:11+0000
1442700371,47.39656,-121.47983,2015-09-19T22:06:11+0000
1442700963,47.40817,-121.44194,2015-09-19T22:16:03+0000
1442701035,47.40816,-121.44196,2015-09-19T22:17:15+0000
1442701563,47.42594,-121.42984,2015-09-19T22:26:03+0000
1442702151,47.42239,-121.43338,2015-09-19T22:35:51+0000
1445111916,48.50563,-122.59596,2015-10-17T19:58:36+0000
1445112477,48.51279,-122.58899,2015-10-17T20:07:57+0000
1445113076,48.51924,-122.58324,2015-10-17T20:17:56+0000
1445113673,48.52296,-122.57841,2015-10-17T20:27:53+0000
1445114269,48.52726,-122.56912,2015-10-17T20:37:49+0000
1445114866,48.5321,-122.55815,2015-10-17T20:47:46+0000
1445115485,48.53409,-122.55627,2015-10-17T20:58:05+0000
1445116058,48.53422,-122.55598,2015-10-17T21:07:38+0000
1445116657,48.53437,-122.55609,2015-10-17T21:17:37+0000
1445117257,48.53431,-122.55603,2015-10-17T21:27:37+0000
1445117856,48.53428,-122.55598,2015-10-17T21:37:36+0000
1445121566,48.53419,-122.55594,2015-10-17T22:39:26+0000
1449894502,48.5149,-122.60768,2015-12-12T04:28:22+0000
1449895048,48.51486,-122.6077,2015-12-12T04:37:28+0000
1449895647,48.51165,-122.60049,2015-12-12T04:47:27+0000
1449896241,48.51713,-122.5862,2015-12-12T04:57:21+0000
1449896837,48.52359,-122.57172,2015-12-12T05:07:17+0000
1449897437,48.53631,-122.56088,2015-12-12T05:17:17+0000
1449898055,48.53715,-122.55576,2015-12-12T05:27:35+0000
1449898626,48.53738,-122.55531,2015-12-12T05:37:06+0000
1449899226,48.53725,-122.55522,2015-12-12T05:47:06+0000